,59_nt_sequence
0,AAAAAAAAAAAAAAAAAATGGAAAACAGTTAACAGAGGAGAAACTGTATGCCATTTTTT
1,AAAAAAAAAAAAATGGAAAACAGTTACTAAAACAGAGGAGATTAGTAATGGTTTTCCAT
2,AAAAAAAAATTACTACTATTGTTAATTTAGAACAGAGGAGACTAAATATGCAATAGTAG
3,AAAAAAAATAACGTAGGACTACTACTTGGAAACAGAGGAGATCCAAGATGTAGTCCTAC
4,AAAAAAAATGGAAAACAGTTACTAATATGTAACAGAGGAGAACATATATGTAACTGTTT
5,AAAAAAAATTTGGATTTATTTATGTCTCATAACAGAGGAGAATGAGAATGAAATAAATC
6,AAAAAAACATGAGCTTTGCTTTTTTCAAGTAACAGAGGAGAACTTGAATGAAGCAAAGC
7,AAAAAAACCAACACAGCTCCAGGAACATTAAACAGAGGAGATAATGTATGTGGAGCTGT
8,AAAAAAACTAAAAGTAAAATTTTGTTTGGTAACAGAGGAGAACCAAAATGAATTTTACT
9,AAAAAAACTGTAATGCGTATGCGGAGGTTAAACAGAGGAGATAACCTATGCATACGCAT
10,AAAAAAAGAAATTGGCCACAGGACCAAAGGAACAGAGGAGACCTTTGATGCTGTGGCCA
11,AAAAAAAGATTTTTTTCCGATGTTGATACAAACAGAGGAGATGTATCATGATCGGAAAA
12,AAAAAAAGTATTTTTTTTTAATATTTTCACAACAGAGGAGAGTGAAAATGTTAAAAAAA
13,AAAAAAATAGATGCTAAACGCAATATTAAAAACAGAGGAGATTTAATATGGCGTTTAGC
14,AAAAAAATAGATTCGTACAGAATAAGAGCCAACAGAGGAGAGGCTCTATGTCTGTACGA
15,AAAAAAATAGTTCCGTAATTAAATGGCTAAAACAGAGGAGATTAGCCATGTAATTACGG
16,AAAAAAATATGTAAGAAACATTGTTTCGTTAACAGAGGAGAAACGAAATGATGTTTCTT
17,AAAAAAATATTTGAGAGAGATTGGGTATCTAACAGAGGAGAAGATACATGATCTCTCTC
18,AAAAAAATCATCAATATTCTCAACGAATGAAACAGAGGAGATCATTCATGGAGAATATT
19,AAAAAAATCCATATATAATTTATATTCTATAACAGAGGAGAATAGAAATGAAATTATAT
20,AAAAAAATGACATTATTTAAGAGCATTCTAAACAGAGGAGATAGAATATGCTTAAATAA
21,AAAAAAATGATAAAATAGATTAGTTTTATTAACAGAGGAGAAATAAAATGAATCTATTT
22,AAAAAAATGATTTCCATATCTTTGATGGGTAACAGAGGAGAACCCATATGAGATATGGA
23,AAAAAAATTAAACATTGAAAAGGTGTCTAGAACAGAGGAGACTAGACATGTTTTCAATG
24,AAAAAAATTATAATATTCGTATTAGCATCAAACAGAGGAGATGATGCATGTACGAATAT
25,AAAAAAATTGGTATTAGCTAATACATCCTTAACAGAGGAGAAAGGATATGTTAGCTAAT
26,AAAAAACAAGGTTTCTACTTTATATTTTTGAACAGAGGAGACAAAAAATGAAAGTAGAA
27,AAAAAACAATTTAAAACATTAATAAAATAGAACAGAGGAGACTATTTATGTAATGTTTT
28,AAAAAACACCTTCTCAACTTTAGATGCTTGAACAGAGGAGACAAGCAATGAAAGTTGAG
29,AAAAAACAGCAAGAAAGTCCAGGAAAAAGCAACAGAGGAGAGCTTTTATGTGGACTTTC
30,AAAAAACCAGCCCATATTTAATGTAGTGTTAACAGAGGAGAAACACTATGTTAAATATG
31,AAAAAACCTGCCTGTCTTTCCGGGCAGTTTAACAGAGGAGAAAACTGATGGGAAAGACA
32,AAAAAACGCATTGAGCTCCTCGTACATGGGAACAGAGGAGACCCATGATGGAGGAGCTC
33,AAAAAACGGCATGTAGACATCACTGTAATTAACAGAGGAGAAATTACATGGATGTCTAC
34,AAAAAACGTGTTACTATGGTAGAGGATTATAACAGAGGAGAATAATCATGTACCATAGT
35,AAAAAACTAATTATACCGCTAAAGAGTTTGAACAGAGGAGACAAACTATGTAGCGGTAT
36,AAAAAACTAGGGGGTCCATTGGGCATCACCAACAGAGGAGAGGTGATATGCAATGGACC
37,AAAAAACTAGTCCATTTAAGAGGTATGTAGAACAGAGGAGACTACATATGTCTTAAATG
38,AAAAAACTCCATAATGAGTGATGTTAACGTAACAGAGGAGAACGTTAATGTCACTCATT
39,AAAAAACTCCGGCTTTAGGATCAGGTACCAAACAGAGGAGATGGTACATGATCCTAAAG
40,AAAAAACTCTTTGGTCATGTCTTTCTCTTTAACAGAGGAGAAAAGAGATGGACATGACC
41,AAAAAACTGTTAGAACTACGTTAAGCAAGCAACAGAGGAGAGCTTGCATGACGTAGTTC
42,AAAAAACTGTTGAAAAAAGGAACTACAAGAAACAGAGGAGATCTTGTATGTCCTTTTTT
43,AAAAAACTTGCTGGTGGCAGCCAGCACTGCAACAGAGGAGAGCAGTGATGGCTGCCACC
44,AAAAAACTTGTAAATATTAAAACATATGAAAACAGAGGAGATTCATAATGTTTAATATT
45,AAAAAAGAAAGAGTCTAGTGATAAAATCGAAACAGAGGAGATCGATTATGTCACTAGAC
46,AAAAAAGAAAGGGGGAGATGTCATCAATTAAACAGAGGAGATAATTGATGACATCTCCC
47,AAAAAAGAAGAATCAAAACACAAGTGCTGGAACAGAGGAGACCAGCAATGGTGTTTTGA
48,AAAAAAGAATAAAAAAAGATTTTTTTCCGAAACAGAGGAGATCGGAAATGAATCTTTTT
49,AAAAAAGAATATAATTTCAATCTTGTATAAAACAGAGGAGATTATACATGATTGAAATT
50,AAAAAAGACATTATTGTCTAGTTCATCTACAACAGAGGAGAGTAGATATGCTAGACAAT
51,AAAAAAGACGATCAAGAATCCACAATATCAAACAGAGGAGATGATATATGGGATTCTTG
52,AAAAAAGAGGACTGGGAACTCTCCCACATCAACAGAGGAGAGATGTGATGGAGTTCCCA
53,AAAAAAGATTTACTGGAATGCTTTTCTTTGAACAGAGGAGACAAAGAATGGCATTCCAG
54,AAAAAAGCAGACATCCACGCCGTCAATTTCAACAGAGGAGAGAAATTATGGGCGTGGAT
55,AAAAAAGCTCGGCTTACGTGTTGTACGCAAAACAGAGGAGATTGCGTATGACACGTAAG
56,AAAAAAGGAAACATGCGCCTTCCCTGTTTGAACAGAGGAGACAAACAATGAAGGCGCAT
57,AAAAAAGGATGAAGCGATTGAAATAGGACTAACAGAGGAGAAGTCCTATGTCAATCGCT
58,AAAAAAGGATTATCTCCTGGGAGATAGTGAAACAGAGGAGATCACTAATGCCCAGGAGA
59,AAAAAAGGATTTCTCACCATAGCCAGCATCAACAGAGGAGAGATGCTATGTATGGTGAG
60,AAAAAAGTGCACGCATTTACTTCTTACAAGAACAGAGGAGACTTGTAATGAGTAAATGC
61,AAAAAATAAAAAGAACCCGGTATGACACTTAACAGAGGAGAAAGTGTATGACCGGGTTC
62,AAAAAATAAAACTAGAGATTGAAACGTGTTAACAGAGGAGAAACACGATGCAATCTCTA
63,AAAAAATAATCATGCGGTTATTTCAGTCGTAACAGAGGAGAACGACTATGATAACCGCA
64,AAAAAATACATATATTAGAATGAATACAACAACAGAGGAGAGTTGTAATGATTCTAATA
65,AAAAAATACATGCTCCTTTAATTTTGTTAAAACAGAGGAGATTAACAATGTTAAAGGAG
66,AAAAAATACGGCTGTGGTAATATGTTTGTTAACAGAGGAGAAACAAAATGATTACCACA
67,AAAAAATACTAAACAATACTCTTAGATGTCAACAGAGGAGAGACATCATGGAGTATTGT
68,AAAAAATAGAATGTCTAGTTATTTTGGATTAACAGAGGAGAAATCCAATGTAACTAGAC
69,AAAAAATAGCAAGGTATCTATTGAAGATGTAACAGAGGAGAACATCTATGATAGATACC
70,AAAAAATATAATATTATGAGTCGATGTAACAACAGAGGAGAGTTACAATGACTCATAAT
71,AAAAAATATATCAAGATGTAATGTATCTGAAACAGAGGAGATCAGATATGTTACATCTT
72,AAAAAATATCTATCATTTTGGCCAAAAACCAACAGAGGAGAGGTTTTATGCCAAAATGA
73,AAAAAATCTATCTTTCCGGCCAATATCAATAACAGAGGAGAATTGATATGGGCCGGAAA
74,AAAAAATCTTAACTATATAATATTCTAATAAACAGAGGAGATATTAGATGATTATATAG
75,AAAAAATGAACATAGTTACTGATTTGGAAAAACAGAGGAGATTTCCAATGCAGTAACTA
76,AAAAAATGAATTCCAACTGTTATTATAAATAACAGAGGAGAATTTATATGAACAGTTGG
77,AAAAAATGGGACCTATATATGCTAAATGTAAACAGAGGAGATACATTATGCATATATAG
78,AAAAAATGTAACGCCTCTTGTACAGAAGCTAACAGAGGAGAAGCTTCATGACAAGAGGC
79,AAAAAATGTCTAGTGTATCTAGATGAAAATAACAGAGGAGAATTTTCATGTAGATACAC
80,AAAAAATGTCTATGTCAGTGCGGGGATGCGAACAGAGGAGACGCATCATGGCACTGACA
81,AAAAAATTAAAAATAGAAAATAAAGACGTAAACAGAGGAGATACGTCATGATTTTCTAT
82,AAAAAATTAATCGTGTGTGCATTGGCCATGAACAGAGGAGACATGGCATGTGCACACAC
83,AAAAAATTCAAAGATGTTCTGTTTATCTTTAACAGAGGAGAAAAGATATGCAGAACATC
84,AAAAAATTGGCTCATATTTTTTGAATATTAAACAGAGGAGATAATATATGAAAAATATG
85,AAAAAATTTCCTACTAATACATTAACATCCAACAGAGGAGAGGATGTATGTGTATTAGT
86,AAAAAATTTTGTTAGCTTCTAATAGATTATAACAGAGGAGAATAATCATGTAGAAGCTA
87,AAAAAATTTTTATCCTTTACCATTTCTAAAAACAGAGGAGATTTAGAATGGGTAAAGGA
88,AAAAAATTTTTGTATAATATCTAGAGGTAGAACAGAGGAGACTACCTATGGATATTATA
89,AAAAACAAACAAGTAATTAAGAGACCCTCGAACAGAGGAGACGAGGGATGCTTAATTAC
90,AAAAACAACACTGTGTCCCTTCCCTAAACTAACAGAGGAGAAGTTTAATGAAGGGACAC
91,AAAAACAAGTTTTTGGAGAGATCAGTGTCTAACAGAGGAGAAGACACATGTCTCTCCAA
92,AAAAACAATTTCAAAGTTGAACATAACTGGAACAGAGGAGACCAGTTATGTTCAACTTT
93,AAAAACACAGACTACATTTGTAATTAGAATAACAGAGGAGAATTCTAATGACAAATGTA
94,AAAAACACGATGATGGACTTATCATTATTTAACAGAGGAGAAAATAAATGTAAGTCCAT
95,AAAAACACTACTTAAAAACGATAGCTTTTTAACAGAGGAGAAAAAAGATGTCGTTTTTA
96,AAAAACACTAGGTTGTAGTCGGGTTTTAGAAACAGAGGAGATCTAAAATGCGACTACAA
97,AAAAACAGAACAATATATTTTTTAGTAATGAACAGAGGAGACATTACATGAAAATATAT
98,AAAAACAGCAAACAGGGACCCATCAAAGGTAACAGAGGAGAACCTTTATGGGGTCCCTG
