min_toehold_sequence,off_value,delta_onoff,Toehold Rating,class
GATGCAATGCTGCAACTTGACCCAAATGCTAACAGAGGAGAAGCATTATGGTCAAGTTG,0.014893472,0.836937095,Good,viral
GGGCATCAGACAGATTGCAAAATTTGTGATAACAGAGGAGAATCACAATGTTTGCAATC,0.333333333,0.505537066,Good,viral
GTTCAACGGTTGATGCGCAAGGAGAGAAGGAACAGAGGAGACCTTCTATGCTTGCGCAT,0.0,0.041392014,Bad,viral
TCTGGGACCAGTATAAAGACTTATGCCACAAACAGAGGAGATGTGGCATGAGTCTTTAT,0.020867808999999998,0.334249986,Bad,viral
GGTGAAGGAAGATGCTAATAAGATAGAAACAACAGAGGAGAGTTTCTATGTTATTAGCA,0.596619187,-0.09089964099999999,Bad,viral
CTTTATAAAGACTGGTTGTGCAAGACCTACAACAGAGGAGAGTAGGTATGGCACAACCA,0.02057056,0.43852050200000003,Bad,viral
CTTAGCCGCTGATCTAGAGAAGTTAAAGTCAACAGAGGAGAGACTTTATGTTCTCTAGA,0.0,0.296372392,Bad,viral
AATGTCACTATTTGTCCCATTTTAAATAGGAACAGAGGAGACCTATTATGAATGGGACA,0.086427169,0.217238845,Bad,viral
TCAGACAGATTGCAAAATTTGTGATTAATAAACAGAGGAGATATTAAATGCAAATTTTG,0.724956608,0.275043392,Bad,viral
TTCCAGTAAATCCCTGCAGTCGGCAGGGTTAACAGAGGAGAAACCCTATGGACTGCAGG,0.903916527,-0.410623009,Bad,viral
AAGGAAATAAAATCCTTTTTGTGGACACAAAACAGAGGAGATTGTGTATGCAAAAAGGA,0.211553319,0.729252195,Good,viral
CTCAACAAAAGAGTATACTGAGAGTTGGGAAACAGAGGAGATCCCAAATGTCAGTATAC,0.116050541,0.17381649600000001,Bad,viral
TTCTGTAACATCTCAGTGATCATATTGTCAAACAGAGGAGATGACAAATGGATCACTGA,0.028637641000000002,0.027313924,Bad,viral
GTCAGGAGGACTGAACACATCGGTTTTGAGAACAGAGGAGACTCAAAATGGATGTGTTC,0.333333333,-0.202343507,Bad,viral
GTGGTGAGAGTTTGGGATGTGAAAAATGCAAACAGAGGAGATGCATTATGCACATCCCA,0.20200757100000002,0.331718946,Bad,viral
GGAATGAGTGGTGGTAATCAAGGGGCTCGGAACAGAGGAGACCGAGCATGTTGATTACC,0.008349785,0.006966481,Bad,viral
GCTGGGAGAGATGGAGTGGTGAGAGTTTGGAACAGAGGAGACCAAACATGCACCACTCC,0.156351799,-0.137855855,Bad,viral
TGGAAATTGCCCTCTATCAACCAAGTTCAGAACAGAGGAGACTGAACATGGTTGATAGA,0.0,0.615143167,Good,viral
AGTATGGAATTCCCATGATGTCCCGTAGATAACAGAGGAGAATCTACATGACATCATGG,0.151698184,0.3822130520000001,Bad,viral
TCATTTTGGCAGATAGTCTCAGTTCTTTGTAACAGAGGAGAACAAAGATGTGAGACTAT,0.011930208999999999,0.321403124,Bad,viral
CACAATCTTTGAGGAGGGAATTATCTGGTTAACAGAGGAGAAACCAGATGATTCCCTCC,0.058082775,0.275250559,Bad,viral
GTGACTCAGGTTGTACTGCACACTAATCTTAACAGAGGAGAAAGATTATGGTGCAGTAC,0.198981825,0.6920248459999999,Good,viral
TCCTAAATATGATTGACACCAAGAAAAGCTAACAGAGGAGAAGCTTTATGTGGTGTCAA,0.370926229,0.120318387,Bad,viral
CTGTAATTACAGTATGGAATTCCCATGATGAACAGAGGAGACATCATATGAATTCCATA,0.414128836,0.19729955300000002,Bad,viral
TACATACACTTCTTCCGTGAACCTACTGATAACAGAGGAGAATCAGTATGTTCACGGAA,0.08757460000000003,0.19299633,Bad,viral
GCAGTGTCAGGAGGACTGAACACATCGGTTAACAGAGGAGAAACCGAATGGTTCAGTCC,0.006658934,0.5028956410000001,Good,viral
GTCGTTGATCTGGAATCAGATGGGAAGCCAAACAGAGGAGATGGCTTATGATCTGATTC,0.0,0.0,Bad,viral
TTTTGTCATTTTGGCAGATAGTCTCAGTTCAACAGAGGAGAGAACTGATGCTATCTGCC,0.156814224,0.018362196,Bad,viral
ATGAGTTGGTATTTTGACTAGGTGAAGGAAAACAGAGGAGATTCCTTATGCTAGTCAAA,0.333333333,0.456327461,Bad,viral
GAAAATGCAGTCTGGGACCAGTATAAAGACAACAGAGGAGAGTCTTTATGCTGGTCCCA,0.001079137,0.390235991,Bad,viral
GTCATAGAGGTTCTTTTTGTGGGCATCAGAAACAGAGGAGATCTGATATGCACAAAAAG,0.609350641,0.017691545,Bad,viral
GCAGCTCATTGCCTCATACTGATTGAAGTTAACAGAGGAGAAACTTCATGCAGTATGAG,0.0,0.747781994,Good,viral
TATATAATGATGACTGTTGTTCTTTGTGCAAACAGAGGAGATGCACAATGAACAACAGT,0.207651272,0.093189149,Bad,viral
GACACGACTTGCCTACAATATGCCTATGAGAACAGAGGAGACTCATAATGATATTGTAG,0.167383998,0.329944411,Bad,viral
ACCTCAGACAATGGATGGTATCCTCAAATCAACAGAGGAGAGATTTGATGATACCATCC,0.35435331299999995,0.19243448600000002,Bad,viral
TCCACCTGGTCAGACAATATCCCCCTGGTGAACAGAGGAGACACCAGATGGATATTGTC,1.0,-0.851653302,Bad,viral
TATATGGGCAACCTAAGCTCACAGCAACTTAACAGAGGAGAAAGTTGATGTGAGCTTAG,0.016466553999999998,0.249259315,Bad,viral
TGATCAGAACAGAAAGGCCATTAAGTGCAGAACAGAGGAGACTGCACATGATGGCCTTT,0.021283786000000002,0.001080495,Bad,viral
GGTTCTTCATTATAAGTTGGTCATTTATCAAACAGAGGAGATGATAAATGACCAACTTA,0.788766402,0.180800798,Bad,viral
ATGTCACAAAATTCCTCATCATGCTTCTCAAACAGAGGAGATGAGAAATGTGATGAGGA,0.0,0.11793858199999999,Bad,viral
GACTAGGTGAAGGAAGATGCTAATAAGATAAACAGAGGAGATATCTTATGAGCATCTTC,0.28351858,0.306899091,Bad,viral
TCCTCAAATCCATTTTAAAGGTCAAGAAGGAACAGAGGAGACCTTCTATGCCTTTAAAA,0.065592783,0.024791787000000003,Bad,viral
CCTCAAAGGAAATAAAATCCTTTTTGTGGAAACAGAGGAGATCCACAATGAGGATTTTA,0.35613778799999996,0.10712620699999999,Bad,viral
CTTACCTATTCTCAGCTGATGACCCTCAAGAACAGAGGAGACTTGAGATGCATCAGCTG,0.0,0.02123024,Bad,viral
GAAGCTCATAAACCCCTTTATAAAGACTGGAACAGAGGAGACCAGTCATGATAAAGGGG,0.016431911,0.09480251699999999,Bad,viral
TCAAGGTGTCACCTCAGACAATGGATGGTAAACAGAGGAGATACCATATGTTGTCTGAG,0.05932958,0.54430863,Good,viral
TCCCGTAGATGGTTCTTCATTATAAGTTGGAACAGAGGAGACCAACTATGAATGAAGAA,0.035651942,0.756118862,Good,viral
CAGACCTTTCAGCACTGCTAGTACAGACAGAACAGAGGAGACTGTCTATGCTAGCAGTG,0.021454597000000002,0.204520267,Bad,viral
ATGTGAATGTGCCTAGCAATCTTCTACTAAAACAGAGGAGATTAGTAATGGATTGCTAG,0.010916366,-0.007106253000000002,Bad,viral
TTTGGGACACGACTTGCCTACAATATGCCTAACAGAGGAGAAGGCATATGGTAGGCAAG,0.005116908,0.207989868,Bad,viral
AAAGAGGCGGTAAAGAGGAAATAACCCCTCAACAGAGGAGAGAGGGGATGTTTCCTCTT,0.0,0.0,Bad,viral
ATTTGCAACAGTACCACAATGGTTGGCTGCAACAGAGGAGAGCAGCCATGCATTGTGGT,0.002563575,0.199403293,Bad,viral
TTTGGATTATCAGATATTGATAACTAGTCAAACAGAGGAGATGACTAATGATCAATATC,0.499717766,0.5002822339999999,Good,viral
ATACTGATTGAAGTTGGGGATGGACAAGTGAACAGAGGAGACACTTGATGATCCCCAAC,0.020332093,0.228164385,Bad,viral
TTGCATGCTGGATGGTGGCAATATGTTGGAAACAGAGGAGATCCAACATGTTGCCACCA,0.010869668999999998,-0.00468925,Bad,viral
TGCCCACCATTATATAATGATGACTGTTGTAACAGAGGAGAACAACAATGATCATTATA,0.760399258,-0.08494304400000001,Bad,viral
ACCGATGGGAGATGGTCTCGAGAATTGGCAAACAGAGGAGATGCCAAATGTCGAGACCA,0.666666667,0.0643486,Bad,viral
TCCTTTGTGAGAGGAGCCCGAGATAACCGAAACAGAGGAGATCGGTTATGTCGGGCTCC,0.003568063,0.151527537,Bad,viral
TTCAACCTTTGAATGGCTTGTTTGTTGAAGAACAGAGGAGACTTCAAATGACAAGCCAT,0.115230231,0.623522448,Good,viral
GCATACAACACAACAATCTGGCGATGAGTGAACAGAGGAGACACTCAATGCCAGATTGT,0.023331445,0.04126297,Bad,viral
GAATATGATAGGAATGAGTGGTGGTAATCAAACAGAGGAGATGATTAATGCCACTCATT,0.12223710300000001,0.8406263270000001,Good,viral
ATTGACAGATTTGGGTTTGATCTACACAGCAACAGAGGAGAGCTGTGATGATCAAACCC,0.0,0.418002318,Bad,viral
TCATTTATCAAAGCATTTACTGCTTTGTTGAACAGAGGAGACAACAAATGAGTAAATGC,0.94250301,0.05749699,Bad,viral
ACCAACAAGGCCACACGTTGCAAAATTGTAAACAGAGGAGATACAATATGGCAACGTGT,0.114976444,0.8850235559999999,Good,viral
GATTGACACCAAGAAAAGCTCTTTGAATATAACAGAGGAGAATATTCATGGAGCTTTTC,0.35073906299999996,0.46981998799999997,Bad,viral
TCTAGTCCTTTGTGAGAGGAGCCCGAGATAAACAGAGGAGATATCTCATGCTCCTCTCA,0.0,0.041989753,Bad,viral
TTTGTCAGGAGATGGATGGCCATATATTGCAACAGAGGAGAGCAATAATGGGCCATCCA,0.13386125699999998,0.573512942,Good,viral
AGATAACCGATGGGAGATGGTCTCGAGAATAACAGAGGAGAATTCTCATGACCATCTCC,0.083084987,0.164754251,Bad,viral
TGAATTGCGCAACCAAAAATGCCTAGGATCAACAGAGGAGAGATCCTATGCATTTTTGG,0.015946876000000002,0.23459908699999998,Bad,viral
TTTTACATGGACTTGACTTCTCCGAAGTCAAACAGAGGAGATGACTTATGAGAAGTCAA,0.359151755,0.34550837700000003,Bad,viral
ATTTGTGCTTCAGCTTTCAACCTTTGAATGAACAGAGGAGACATTCAATGGTTGAAAGC,0.309150414,0.359742888,Bad,viral
CTTTCAGCACTGCTAGTACAGACAGTGCAAAACAGAGGAGATTGCACATGCTGTACTAG,0.015383338,0.023515837999999997,Bad,viral
TTTGTGGGCATCAGACAGATTGCAAAATTTAACAGAGGAGAAAATTTATGAATCTGTCT,0.43251725700000004,0.444175595,Bad,viral
TATAAATATCTCTAGTCCTTTGTGAGAGGAAACAGAGGAGATCCTCTATGAAAGGACTA,0.288864285,0.044469048,Bad,viral
GCCTGGGAAAACACTGTCGTTGATCTGGAAAACAGAGGAGATTCCAGATGAACGACAGT,0.089756197,0.190632973,Bad,viral
TGATAGGAATGAGTGGTGGTAATCAAGGGGAACAGAGGAGACCCCTTATGTACCACCAC,0.0,0.17561942600000002,Bad,viral
ACATTTGGGCAGTGATGTTCTCCCAGTAGTAACAGAGGAGAACTACTATGAGAACATCA,0.089793687,0.628856664,Good,viral
AGATATGGTGTTCAGAACATCGACACCTAGAACAGAGGAGACTAGGTATGGATGTTCTG,0.39517806,0.056816297,Bad,viral
ACAAGGGTCTCATCTCTTCCATTTCACAGGAACAGAGGAGACCTGTGATGTGGAAGAGA,0.113987183,0.14555648300000001,Bad,viral
CTGAACACAAAGAGGTCAACTAGACCCAATAACAGAGGAGAATTGGGATGAGTTGACCT,0.006172819,0.029652327000000006,Bad,viral
ATCAACTGAATGCTCATTTGTGCTTCAGCTAACAGAGGAGAAGCTGAATGACAAATGAG,0.29431087,0.521385977,Good,viral
CTTTGAATATCTCAGGTTATAATTTTAGCTAACAGAGGAGAAGCTAAATGTATAACCTG,0.139651926,0.443029414,Bad,viral
TGTGTGCATACAACACAACAATCTGGCGATAACAGAGGAGAATCGCCATGTTGTTGTGT,0.002151309,-0.002151309,Bad,viral
CAAGCATTGACAGATTTGGGTTTGATCTACAACAGAGGAGAGTAGATATGACCCAAATC,0.146015014,0.853984986,Good,viral
TGAGTGTCTCCATGTTTAGTTCCAGAGTCTAACAGAGGAGAAGACTCATGAACTAAACA,0.004194041,0.172127125,Bad,viral
TTTCAGACACCCCTGGTGAAAGGAATCCTTAACAGAGGAGAAAGGATATGTTTCACCAG,0.055189032,0.699749139,Good,viral
CCACACGTTGCAAAATTGTACAGACCTTTCAACAGAGGAGAGAAAGGATGGTACAATTT,0.018856561,0.772853707,Good,viral
ACAGCAACAATTCCAGTAAATCCCTGCAGTAACAGAGGAGAACTGCAATGATTTACTGG,0.228597353,0.106192361,Bad,viral
ACTCTACAAGATTTGTTTGTCAGGAGATGGAACAGAGGAGACCATCTATGGACAAACAA,0.026874587000000002,0.22324226600000002,Bad,viral
GATCTAGAGAAGTTAAAGTCAAAGGTGATCAACAGAGGAGAGATCACATGTGACTTTAA,0.012839733,0.124437475,Bad,viral
TCTTTGAGGAGGGAATTATCTGGTTACTGCAACAGAGGAGAGCAGTAATGAGATAATTC,0.0,0.052030132,Bad,viral
ACTGCATCATGTTTGATGCAGCAGTGTCAGAACAGAGGAGACTGACAATGCTGCATCAA,0.24031421,0.12157247800000001,Bad,viral
CCCCAAGCCATCCTCATAAAAGTCTGTAACAACAGAGGAGAGTTACAATGTTTTATGAG,0.230433878,0.35121588600000003,Bad,viral
ACAATGTTCATCACCTCTTCTATTACATGAAACAGAGGAGATCATGTATGAGAAGAGGT,0.09588736,0.90411264,Good,viral
GAAGGGATGACAATGATTTGAAACGGTTGAAACAGAGGAGATCAACCATGTCAAATCAT,0.113987183,0.520548581,Good,viral
TGGACAAGTGGAAAGTTGAGATTATGCTCAAACAGAGGAGATGAGCAATGTCTCAACTT,0.002915787,0.403271613,Bad,viral
AAAGTATCCCAACACTTCAGACTTAGACAGAACAGAGGAGACTGTCTATGTCTGAAGTG,0.047959068,0.24948690199999998,Bad,viral
GTAATCAGTTCGGGACCATGCCAAGTCTGAAACAGAGGAGATCAGACATGGCATGGTCC,0.044050492999999996,0.572064,Good,viral
CTTCCCAGGTTGTATTTTGGATTATCAGATAACAGAGGAGAATCTGAATGTCCAAAATA,0.628540204,0.086319003,Bad,viral
CCCAAATGCTAAGACCTGGATGGACATTGAAACAGAGGAGATCAATGATGATCCAGGTC,0.203074327,0.392083487,Bad,viral
CGGTCAACAATCTTGTTGAATTAAAATCAAAACAGAGGAGATTGATTATGATTCAACAA,0.333333333,0.42754043,Bad,viral
GAAGAAAAGAGGCGGTAAAGAGGAAATAACAACAGAGGAGAGTTATTATGTCTTTACCG,0.333333333,0.5595687429999999,Good,viral
CCAAGTTCAGGCTGCTACATACACTTCTTCAACAGAGGAGAGAAGAAATGTATGTAGCA,0.262836016,0.246506633,Bad,viral
GGTGAAAGATGCCCAGGCTCTTTTACATGGAACAGAGGAGACCATGTATGAGAGCCTGG,0.014393458999999999,0.371325778,Bad,viral
GGCACTTCCTGGAAGAATGTCACTATTTGTAACAGAGGAGAACAAATATGGACATTCTT,0.652824278,0.347175722,Bad,viral
TCAATTAGCATCCACCTGGTCAGACAATATAACAGAGGAGAATATTGATGGACCAGGTG,0.14967192199999999,0.422223234,Bad,viral
TCTCATTACATTTTGCCACAGCTGTGTTCCAACAGAGGAGAGGAACAATGCTGTGGCAA,0.039309483,0.42305310799999996,Bad,viral
ACAGCAACTTGACCAAAGAAGAGCTCTCCTAACAGAGGAGAAGGAGAATGCTTCTTTGG,0.08244267599999999,0.015512745,Bad,viral
ACCTGTCAGGGGTCCGATGACATAAGGAAAAACAGAGGAGATTTCCTATGGTCATCGGA,0.012504343000000001,0.421398276,Bad,viral
GTTATAATTTTAGCTTGGGTGCAGCTGTGAAACAGAGGAGATCACAGATGCACCCAAGC,0.044918913,0.303260815,Bad,viral
TTGAATGATGCAGTACAAGCATTGACAGATAACAGAGGAGAATCTGTATGTGCTTGTAC,0.025495753,0.624827502,Good,viral
TGATGCAGTACAAGCATTGACAGATTTGGGAACAGAGGAGACCCAAAATGGTCAATGCT,0.078350278,0.2002164,Bad,viral
ACGGTTGATGCGCAAGGAGAGAAGGGATGAAACAGAGGAGATCATCCATGCTCTCCTTG,0.14677520900000002,-0.057084493,Bad,viral
TAACTAGTCATAATACAGTCCCAGTTGCCAAACAGAGGAGATGGCAAATGGGACTGTAT,0.014101058999999999,0.29065640600000003,Bad,viral
TGCTTTGTTGATCAACTGAATGCTCATTTGAACAGAGGAGACAAATGATGATTCAGTTG,0.624965687,0.37503431299999995,Bad,viral
GACCCTCAAGGATGCAATGCTGCAACTTGAAACAGAGGAGATCAAGTATGAGCATTGCA,0.526538876,0.36096326,Bad,viral
AGTCTGAAGCTCATAAACCCCTTTATAAAGAACAGAGGAGACTTTATATGGGGGTTTAT,0.067705244,0.41749940700000004,Bad,viral
TTTTGCCACAGCTGTGTTCCCGAAGCATTTAACAGAGGAGAAAATGCATGGGGAACACA,0.666666667,0.333333333,Bad,viral
CTCTAACCTCAGATGACTTATTAATCTTAGAACAGAGGAGACTAAGAATGATAAGTCAT,0.229770046,0.754536193,Good,viral
GTTTGATGCAGCAGTGTCAGGAGGACTGAAAACAGAGGAGATTCAGTATGCCTGACACT,0.010301085,0.616957321,Good,viral
TAGCTTGGGTGCAGCTGTGAAGGCAGGAGCAACAGAGGAGAGCTCCTATGTTCACAGCT,0.014526828,0.061819575999999994,Bad,viral
ATGGCCATATATTGCATCAAGAACCTCAATAACAGAGGAGAATTGAGATGCTTGATGCA,0.027059279,0.5965228229999999,Good,viral
CAGGATGCTAAGTACTCACATGGGATTGATAACAGAGGAGAATCAATATGATGTGAGTA,0.31633780100000003,-0.24924407,Bad,viral
ACAGGTGTCGTTGTTGAAAAGAAGAAAAGAAACAGAGGAGATCTTTTATGCTTTTCAAC,0.302304711,0.080702692,Bad,viral
GCGTGGTCATAGAGGTTCTTTTTGTGGGCAAACAGAGGAGATGCCCAATGAAAGAACCT,0.079749004,0.08427381099999999,Bad,viral
AGGAAATAACCCCTCACTGTGCACTAATGGAACAGAGGAGACCATTAATGCACAGTGAG,0.165505746,0.101803335,Bad,viral
AATCAAGGGGCTCGGGCTGGGAGAGATGGAAACAGAGGAGATCCATCATGCCCAGCCCG,0.666666667,-0.5581434000000001,Bad,viral
GAGAGTTTGGGATGTGAAAAATGCAGAGTTAACAGAGGAGAAACTCTATGTTTTTCACA,0.10776660699999999,0.150962455,Bad,viral
CCCTGACAAGGGTCTCATCTCTTCCATTTCAACAGAGGAGAGAAATGATGGAGATGAGA,0.37666521399999997,0.287480771,Bad,viral
ATCAACTCAACAAAAGAGTATACTGAGAGTAACAGAGGAGAACTCTCATGATACTCTTT,0.088912417,0.162897867,Bad,viral
TAACATCTCAGTGATCATATTGTCAGCTTGAACAGAGGAGACAAGCTATGAATATGATC,0.094178328,0.9058216720000001,Good,viral
AATATCCCCCTGGTGTGTCTTCACCTTCAGAACAGAGGAGACTGAAGATGAAGACACAC,0.666666667,0.130479092,Bad,viral
GCTGCATCCCCAGCATAGCTGTGACTCAGGAACAGAGGAGACCTGAGATGCAGCTATGC,0.0,0.0,Bad,viral
CGTGTTGGTCAAGGTCAGTTCTAGTCCTGTAACAGAGGAGAACAGGAATGGAACTGACC,0.011631427,0.364333949,Bad,viral
CAGTACAAGCATTGACAGATTTGGGTTTGAAACAGAGGAGATCAAACATGAATCTGTCA,0.095194498,0.5059568489999999,Good,viral
GAAACTTGTGCTGAACACAAAGAGGTCAACAACAGAGGAGAGTTGACATGTTTGTGTTC,0.011469421,0.325356675,Bad,viral
CTCTCCATATACTCCTTCTGTAACATCTCAAACAGAGGAGATGAGATATGACAGAAGGA,0.532996526,0.375015504,Bad,viral
CTAAATCAAGCGGTCAACAATCTTGTTGAAAACAGAGGAGATTCAACATGATTGTTGAC,0.273151624,0.040150918,Bad,viral
CCCTGGTGAAAGGAATCCTTATGAAAACATAACAGAGGAGAATGTTTATGTAAGGATTC,0.0,0.033108024,Bad,viral
ACTTAGACAGGCTGACTCAAAGTCATCCCAAACAGAGGAGATGGGATATGTTTGAGTCA,0.11547715199999999,0.397386714,Bad,viral
TCATTACCTGTCAGGGGTCCGATGACATAAAACAGAGGAGATTATGTATGCGGACCCCT,0.256277639,0.7437223609999999,Good,viral
TACTGAGAGTTGGGACTCTAACCTCAGATGAACAGAGGAGACATCTGATGTTAGAGTCC,0.380255444,0.095481858,Bad,viral
ACACTTCTTCCGTGAACCTACTGATTTAAAAACAGAGGAGATTTAAAATGGTAGGTTCA,0.116306398,0.32952468100000004,Bad,viral
TCCCCCGGAATATGGTCATTACCTGTCAGGAACAGAGGAGACCTGACATGTAATGACCA,0.01313653,0.058268947,Bad,viral
ATATTGACCTCAGTAAAACTGATTCCAGGAAACAGAGGAGATCCTGGATGCAGTTTTAC,0.08370649200000001,0.090978696,Bad,viral
TGATCTGGAATCAGATGGGAAGCCACAGAAAACAGAGGAGATTCTGTATGTTCCCATCT,0.032472253,0.030071142000000002,Bad,viral
AAGTGACCAAACCAACAAGGCCACACGTTGAACAGAGGAGACAACGTATGGCCTTGTTG,0.054364245,0.12704040800000002,Bad,viral
AAAAGACATTAAACTAATTGATATTGACCTAACAGAGGAGAAGGTCAATGTCAATTAGT,0.18139449100000002,0.38231331399999996,Bad,viral
GTCACGGGGGCCCTGACAAGGGTCTCATCTAACAGAGGAGAAGATGAATGCCTTGTCAG,0.666666667,-0.333333333,Bad,viral
ACCAAACCAACAAGGCCACACGTTGCAAAAAACAGAGGAGATTTTGCATGGTGTGGCCT,0.003759562,0.343190107,Bad,viral
AATAAAATCCTTTTTGTGGACACAATCTTTAACAGAGGAGAAAAGATATGGTCCACAAA,0.333333333,0.666666667,Good,viral
ATGAAAACATACTCTACAAGATTTGTTTGTAACAGAGGAGAACAAACATGTCTTGTAGA,0.333333333,0.333333333,Bad,viral
GTGATTAATAATGCTCGTGTTGGTCAAGGTAACAGAGGAGAACCTTGATGAACACGAGC,0.031382807,0.469355288,Bad,viral
TTCAGGCTGCTACATACACTTCTTCCGTGAAACAGAGGAGATCACGGATGAAGTGTATG,0.014476142,0.185673473,Bad,viral
GGAGCTTGCATGCTGGATGGTGGCAATATGAACAGAGGAGACATATTATGACCATCCAG,0.238394071,0.377574565,Bad,viral
TGCGCTTTGCTTTTGTCATTTTGGCAGATAAACAGAGGAGATATCTGATGAAATGACAA,0.00392277,0.264536848,Bad,viral
TGCACACAGGTGTCGTTGTTGAAAAGAAGAAACAGAGGAGATCTTCTATGCAACAACGA,0.32777327100000003,0.4186324870000001,Bad,viral
AGGTACCAATACTTGCTGTAATTACAGTATAACAGAGGAGAATACTGATGTTACAGCAA,0.208848317,0.7911516829999999,Good,viral
TCATCAGAAAAGTGGGTCTCGTTCAAGTATAACAGAGGAGAATACTTATGCGAGACCCA,0.304209367,0.695790633,Good,viral
TTTTTGTGGACACAATCTTTGAGGAGGGAAAACAGAGGAGATTCCCTATGCAAAGATTG,0.026555914,0.407309329,Bad,viral
GGAAACTCCTTGAATCACAAGGAAGAAAAGAACAGAGGAGACTTTTCATGCTTGTGATT,0.057588755,0.466721902,Bad,viral
GAAGGGCCTGGGAAAACACTGTCGTTGATCAACAGAGGAGAGATCAAATGCAGTGTTTT,0.0,0.711242667,Good,viral
GTAGTTGTGTGGTTGAGGTACCAATACTTGAACAGAGGAGACAAGTAATGGTACCTCAA,0.137433729,0.7917185109999999,Good,viral
GCAGTTCAAGCAGGATGCTAAGTACTCACAAACAGAGGAGATGTGAGATGTTAGCATCC,0.226589405,0.035713092,Bad,viral
GTTCCCGAAGCATTTTAGTTCAGCCTCAATAACAGAGGAGAATTGAGATGGAACTAAAA,0.666666667,-0.002492769,Bad,viral
GAGAGATGGAGTGGTGAGAGTTTGGGATGTAACAGAGGAGAACATCCATGACTCTCACC,0.043093777,0.283131728,Bad,viral
CAGATTGCAAAATTTGTGATTAATAATGCTAACAGAGGAGAAGCATTATGAATCACAAA,0.076558125,0.508267137,Good,viral
TTGACTTGAATGATGCAGTACAAGCATTGAAACAGAGGAGATCAATGATGGTACTGCAT,0.172369738,0.7669345000000001,Good,viral
TTAATCTTAGCCGCTGATCTAGAGAAGTTAAACAGAGGAGATAACTTATGTAGATCAGC,0.104484486,0.087638484,Bad,viral
CCTCTATCAACCAAGTTCAGGCTGCTACATAACAGAGGAGAATGTAGATGCCTGAACTT,0.0,0.590149283,Good,viral
AATGATGACTGTTGTTCTTTGTGCAGGAGAAACAGAGGAGATCTCCTATGCAAAGAACA,0.333333333,-0.22897826699999999,Bad,viral
CAGGGGCAGGTTGACTTGAATGATGCAGTAAACAGAGGAGATACTGCATGATTCAAGTC,0.002456374,0.8181026770000001,Good,viral
TCTTCCGTGAACCTACTGATTTAAAGCAGTAACAGAGGAGAACTGCTATGAATCAGTAG,0.01179482,0.176273746,Bad,viral
CATTTTAAAGGTCAAGAAGGCTCTTGGAATAACAGAGGAGAATTCCAATGGCCTTCTTG,0.004434875,0.328898459,Bad,viral
AACTTGACCAAAGAAGAGCTCTCCTGAATAAACAGAGGAGATATTCAATGGAGCTCTTC,0.0506763,0.581930679,Good,viral
TGATGCGCAAGGAGAGAAGGGATGACAATGAACAGAGGAGACATTGTATGCCCTTCTCT,0.28469554399999997,-0.053793543,Bad,viral
CTGGTCAGACAATATCCCCCTGGTGTGTCTAACAGAGGAGAAGACACATGAGGGGGATA,0.267329267,0.369223065,Bad,viral
AGATAGTCTCAGTTCTTTGTTGTGTGCATAAACAGAGGAGATATGCAATGAACAAAGAA,0.383186711,0.616813289,Good,viral
AATGCTGCAACTTGACCCAAATGCTAAGACAACAGAGGAGAGTCTTAATGTTTGGGTCA,0.436049191,-0.061509482000000004,Bad,viral
TTGGCAGATAGTCTCAGTTCTTTGTTGTGTAACAGAGGAGAACACAAATGAGAACTGAG,0.270411664,0.729588336,Good,viral
GGTCCGATGACATAAGGAAACTCCTTGAATAACAGAGGAGAATTCAAATGGTTTCCTTA,0.049386197,0.25865916699999997,Bad,viral
TGCCTATGAGTTGGTATTTTGACTAGGTGAAACAGAGGAGATCACCTATGCAAAATACC,0.057609503,0.30926379800000003,Bad,viral
CGCAAGGAGAGAAGGGATGACAATGATTTGAACAGAGGAGACAAATCATGGTCATCCCT,0.104006326,0.078542801,Bad,viral
CATAAGGAAACTCCTTGAATCACAAGGAAGAACAGAGGAGACTTCCTATGGATTCAAGG,0.027266274,0.013340923000000001,Bad,viral
AGTATGAACCATTTGATACAAGCCAACATTAACAGAGGAGAAATGTTATGTTGTATCAA,0.475797961,0.020709113,Bad,viral
ATGGATGGTATCCTCAAATCCATTTTAAAGAACAGAGGAGACTTTAAATGGGATTTGAG,0.16398875400000001,0.28552493,Bad,viral
GAAAAGAAGAAAAGAGGCGGTAAAGAGGAAAACAGAGGAGATTCCTCATGACCGCCTCT,0.016042931,0.071889757,Bad,viral
TCCGAAGTCAGTAATGTTCAACGGTTGATGAACAGAGGAGACATCAAATGTTGAACATT,0.191509889,0.244700411,Bad,viral
TTGAATTAAAATCAACTCAACAAAAGAGTAAACAGAGGAGATACTCTATGGTTGAGTTG,0.223307659,0.60704186,Good,viral
CTTCCCCTGCCTCTCCATATACTCCTTCTGAACAGAGGAGACAGAAGATGTATATGGAG,0.293054759,0.149258385,Bad,viral
CCATGCCAAGTCTGACACTGGCATGTCTGAAACAGAGGAGATCAGACATGCCAGTGTCA,0.058302438,0.031448212,Bad,viral
GATTGAAGTTGGGGATGGACAAGTGGAAAGAACAGAGGAGACTTTCCATGTGTCCATCC,0.0,0.12269839,Bad,viral
AAGAAAAGCTCTTTGAATATCTCAGGTTATAACAGAGGAGAATAACCATGGATATTCAA,0.127157393,0.38669493899999996,Bad,viral
GTAACACACCATTTGCAACAGTACCACAATAACAGAGGAGAATTGTGATGCTGTTGCAA,0.002107241,0.005661340999999999,Bad,viral
AGCCATCCTCATAAAAGTCTGTAACACACCAACAGAGGAGAGGTGTGATGCAGACTTTT,0.009969223000000001,0.155429755,Bad,viral
GCTTGTTTGTTGAAGTCAAACAGCCTCAGCAACAGAGGAGAGCTGAGATGGTTTGACTT,0.0,0.04444271,Bad,viral
TGGTGTGTCTTCACCTTCAGAATCTGACAGAACAGAGGAGACTGTCAATGTCTGAAGGT,0.031382807,0.15031329599999999,Bad,viral
ATTTGATACAAGCCAACATTTGGGCAGTGAAACAGAGGAGATCACTGATGAAATGTTGG,0.17855827,0.434525792,Bad,viral
GAGTTGCTCAGTAATCAGTTCGGGACCATGAACAGAGGAGACATGGTATGGAACTGATT,0.04299994099999999,0.44162538700000004,Bad,viral
GATGACATAAGGAAACTCCTTGAATCACAAAACAGAGGAGATTGTGAATGAAGGAGTTT,0.26236706,0.364008545,Bad,viral
ATTGCATCAAGAACCTCAATAACAGGAAGGAACAGAGGAGACCTTCCATGTATTGAGGT,0.0,0.067356494,Bad,viral
CCAATACTTGCTGTAATTACAGTATGGAATAACAGAGGAGAATTCCAATGTGTAATTAC,0.18393779899999999,0.58799769,Good,viral
TTACATTTTGCCACAGCTGTGTTCCCGAAGAACAGAGGAGACTTCGGATGCACAGCTGT,0.119472107,0.146005047,Bad,viral
ATTGATGCACTCCCCCGGAATATGGTCATTAACAGAGGAGAAATGACATGATTCCGGGG,0.07409486900000001,0.847567058,Good,viral
GATTCCAGGAAGTATGAAAATGCAGTCTGGAACAGAGGAGACCAGACATGATTTTCATA,0.633536396,0.010022616,Bad,viral
GCTTGTTGTTCAATATCATCAGAAAAGTGGAACAGAGGAGACCACTTATGTGATGATAT,0.06317637200000001,0.076117231,Bad,viral
CATGTTTAGTTCCAGAGTCTGAAGCTCATAAACAGAGGAGATATGAGATGCAGACTCTG,0.172396742,0.558931512,Good,viral
ATTATGCTCATAAGAGCGTGGTCATAGAGGAACAGAGGAGACCTCTAATGCCACGCTCT,0.004640355,0.014477295,Bad,viral
AAGCTCTTTGAATATCTCAGGTTATAATTTAACAGAGGAGAAAATTAATGCCTGAGATA,0.31170553300000003,0.643444338,Good,viral
TCCCATCCTAAATATGATTGACACCAAGAAAACAGAGGAGATTCTTGATGTCAATCATA,0.34509445,0.089288353,Bad,viral
ATACAAGCCAACATTTGGGCAGTGATGTTCAACAGAGGAGAGAACATATGTGCCCAAAT,0.35129371299999995,0.315372953,Bad,viral
ACCTAAGCTCACAGCAACTTGACCAAAGAAAACAGAGGAGATTCTTTATGCAAGTTGCT,0.023864227999999998,0.45629409299999996,Bad,viral
ATCTTTCCCCCATTAAAATCGCAGCTCATTAACAGAGGAGAAATGAGATGCGATTTTAA,0.001845681,0.057068517,Bad,viral
TGCTAGTACAGACAGTGCAATGAGAACAATAACAGAGGAGAATTGTTATGATTGCACTG,0.9727041479999999,-0.118491705,Bad,viral
TATAAGTTGGTCATTTATCAAAGCATTTACAACAGAGGAGAGTAAATATGTTGATAAAT,0.835573705,0.08737869999999999,Bad,viral
AAGTTGGGGATGGACAAGTGGAAAGTTGAGAACAGAGGAGACTCAACATGCCACTTGTC,0.08512925800000001,0.406100177,Bad,viral
GCTATTGGATTGCGCTTTGCTTTTGTCATTAACAGAGGAGAAATGACATGAGCAAAGCG,0.7470431590000001,0.252956841,Bad,viral
TTATGCCACATGCACACAGGTGTCGTTGTTAACAGAGGAGAAACAACATGACCTGTGTG,0.333333333,0.3965198,Bad,viral
CAAAACAGGGGCAGGTTGACTTGAATGATGAACAGAGGAGACATCATATGAGTCAACCT,0.069955332,0.786006047,Good,viral
CATATACTCCTTCTGTAACATCTCAGTGATAACAGAGGAGAATCACTATGATGTTACAG,0.203074327,0.46359234,Bad,viral
CCTGTCTCATTGCCCACCATTATATAATGAAACAGAGGAGATCATTAATGAATGGTGGG,0.015295733999999997,0.875710937,Good,viral
GATGCTAATAAGATAGAAACTTGTGCTGAAAACAGAGGAGATTCAGCATGAGTTTCTAT,0.104441805,0.238187007,Bad,viral
TTGGTATTTTGACTAGGTGAAGGAAGATGCAACAGAGGAGAGCATCTATGTTCACCTAG,0.024342477,0.035979696,Bad,viral
ACACCATTTGCAACAGTACCACAATGGTTGAACAGAGGAGACAACCAATGTGGTACTGT,0.12223710300000001,0.279496109,Bad,viral
TCTTTGTGCAGGAGAGAGGCATGGTCATATAACAGAGGAGAATATGAATGTGCCTCTCT,0.066547287,0.572902879,Good,viral
CCTGCCTCTCCATATACTCCTTCTGTAACAAACAGAGGAGATGTTACATGAGGAGTATA,0.666666667,0.207444008,Bad,viral
GCACTAATGGACTGCATCATGTTTGATGCAAACAGAGGAGATGCATCATGCATGATGCA,0.35502518,-0.20936096,Bad,viral
ATTCCTCATCATGCTTCTCATTACATTTTGAACAGAGGAGACAAAATATGATGAGAAGC,0.641786405,0.006251518,Bad,viral
TGGCAGTGATCTTCCCAGGTTGTATTTTGGAACAGAGGAGACCAAAAATGAACCTGGGA,0.013304692,0.232834701,Bad,viral
CTAGTCCTGTCTCATTGCCCACCATTATATAACAGAGGAGAATATAAATGTGGGCAATG,0.094699022,0.571967645,Good,viral
GCCTACAATATGCCTATGAGTTGGTATTTTAACAGAGGAGAAAAATAATGACTCATAGG,0.212386026,0.504239389,Good,viral
GTGCAGGAGAGAGGCATGGTCATATTGAGTAACAGAGGAGAACTCAAATGGACCATGCC,0.014214502,0.8934744659999999,Good,viral
TCAGGTTGTACTGCACACTAATCTTTCCCCAACAGAGGAGAGGGGAAATGTTAGTGTGC,0.013744558,0.260846647,Bad,viral
CTGAATGCTCATTTGTGCTTCAGCTTTCAAAACAGAGGAGATTGAAAATGGAAGCACAA,0.347946432,0.40129356899999996,Bad,viral
TCTCGAGAATTGGCAGTGATCTTCCCAGGTAACAGAGGAGAACCTGGATGGATCACTGC,0.044957856,0.213771207,Bad,viral
TTTGGGATGTGAAAAATGCAGAGTTGCTCAAACAGAGGAGATGAGCAATGCTGCATTTT,0.008349785,0.216786953,Bad,viral
GAACCTCAATAACAGGAAGGGCCTGGGAAAAACAGAGGAGATTTCCCATGCCCTTCCTG,0.013836043999999999,0.036635965,Bad,viral
GCAGGTTGACTTGAATGATGCAGTACAAGCAACAGAGGAGAGCTTGTATGGCATCATTC,0.074399758,0.352811596,Bad,viral
AAGCATTTACTGCTTTGTTGATCAACTGAAAACAGAGGAGATTCAGTATGTCAACAAAG,0.194803193,0.42017875,Bad,viral
CAGCTTTCAACCTTTGAATGGCTTGTTTGTAACAGAGGAGAACAAACATGCCATTCAAA,0.333333333,0.19955546600000001,Bad,viral
TGCAACTTGACCCAAATGCTAAGACCTGGAAACAGAGGAGATCCAGGATGTAGCATTTG,0.006121495,0.026670244,Bad,viral
AATATGATTGACACCAAGAAAAGCTCTTTGAACAGAGGAGACAAAGAATGTTTCTTGGT,0.09804131099999999,0.190690798,Bad,viral
GTGTCACCTCAGACAATGGATGGTATCCTCAACAGAGGAGAGAGGATATGATCCATTGT,0.016466553999999998,0.42556298,Bad,viral
AGTTAAAGTCAAAGGTGATCAGAACAGAAAAACAGAGGAGATTTCTGATGTGATCACCT,0.0,0.333333333,Bad,viral
TTGTTGAAAAGAAGAAAAGAGGCGGTAAAGAACAGAGGAGACTTTACATGCTCTTTTCT,0.008676703000000001,0.042366728,Bad,viral
TTCATTATAAGTTGGTCATTTATCAAAGCAAACAGAGGAGATGCTTTATGAAATGACCA,0.08846040699999999,-0.06343480900000001,Bad,viral
AATTGATATTGACCTCAGTAAAACTGATTCAACAGAGGAGAGAATCAATGTTACTGAGG,0.125750471,0.8742495290000001,Good,viral
CTCATTGCCCACCATTATATAATGATGACTAACAGAGGAGAAGTCATATGTATATAATG,0.267893127,0.66350983,Good,viral
TGTTCTCCCAGTAGTTGTGTGGTTGAGGTAAACAGAGGAGATACCTCATGCACACAACT,0.09378759099999999,0.239545743,Bad,viral
TCCAACATCAAACTACAGGTGGTGAAAGATAACAGAGGAGAATCTTTATGCACCTGTAG,0.017883202,0.036888799,Bad,viral
CAGGAGATGGATGGCCATATATTGCATCAAAACAGAGGAGATTGATGATGTATATGGCC,0.333333333,0.602183355,Good,viral
CTGTCATTGATGCACTCCCCCGGAATATGGAACAGAGGAGACCATATATGGGGGGAGTG,0.008120671999999999,0.4398840570000001,Bad,viral
AAGTGGAAAGTTGAGATTATGCTCATAAGAAACAGAGGAGATCTTATATGCATAATCTC,0.40580228799999996,0.12101339300000001,Bad,viral
AATTTGTGATTAATAATGCTCGTGTTGGTCAACAGAGGAGAGACCAAATGGAGCATTAT,0.10939243300000001,0.477328177,Good,viral
TCCTTATGAAAACATACTCTACAAGATTTGAACAGAGGAGACAAATCATGTAGAGTATG,0.007481407,0.190468095,Bad,viral
AATCCTTTTTGTGGACACAATCTTTGAGGAAACAGAGGAGATCCTCAATGATTGTGTCC,0.0,0.19304182,Bad,viral
CTGATTTAAAGCAGTTCAAGCAGGATGCTAAACAGAGGAGATAGCATATGGCTTGAACT,0.12468941300000001,0.285094626,Bad,viral
TCTTCTATTACATGAGGCACTTCCTGGAAGAACAGAGGAGACTTCCAATGAGTGCCTCA,0.026124031000000002,0.00680609,Bad,viral
ACACTGTCGTTGATCTGGAATCAGATGGGAAACAGAGGAGATCCCATATGATTCCAGAT,0.018411185,0.158945584,Bad,viral
CAGTAAAACTGATTCCAGGAAGTATGAAAAAACAGAGGAGATTTTCAATGTTCCTGGAA,0.069022317,0.576430958,Good,viral
AACATACTCTACAAGATTTGTTTGTCAGGAAACAGAGGAGATCCTGAATGACAAATCTT,0.133849521,0.44908298799999996,Bad,viral
CAGTTCTAGTCCTGTCTCATTGCCCACCATAACAGAGGAGAATGGTGATGAATGAGACA,0.051810139000000005,0.839196533,Good,viral
AGCTCACAGCAACTTGACCAAAGAAGAGCTAACAGAGGAGAAGCTCTATGTTGGTCAAG,0.020401502,0.4348043,Bad,viral
GAGGAGCCCGAGATAACCGATGGGAGATGGAACAGAGGAGACCATCTATGATCGGTTAT,0.0,0.193700187,Bad,viral
GTTCAAGTATGAACCATTTGATACAAGCCAAACAGAGGAGATGGCTTATGTCAAATGGT,0.014214502,0.662315439,Good,viral
TCAATAACAGGAAGGGCCTGGGAAAACACTAACAGAGGAGAAGTGTTATGCCAGGCCCT,0.032472253,0.294441827,Bad,viral
CATATATTGCATCAAGAACCTCAATAACAGAACAGAGGAGACTGTTAATGAGGTTCTTG,0.001913647,0.424927372,Bad,viral
CATATTGAGTGTCTCCATGTTTAGTTCCAGAACAGAGGAGACTGGAAATGAACATGGAG,0.24611433800000002,0.045924585999999996,Bad,viral
TGTTTGTAGAGTCCACAGGAACAAATGCCCAACAGAGGAGAGGGCATATGTTCCTGTGG,0.027261745,-0.027261745,Bad,viral
AAGGTCAGTTCTAGTCCTGTCTCATTGCCCAACAGAGGAGAGGGCAAATGGACAGGACT,0.013763413,0.10530189,Bad,viral
AGGAAGACCTGAAGATCCAGTGGAAATTGCAACAGAGGAGAGCAATTATGACTGGATCT,0.077995768,0.922004232,Good,viral
CAGGCTGTTTGTAGAGTCCACAGGAACAAAAACAGAGGAGATTTGTTATGGTGGACTCT,0.094793936,0.403577666,Bad,viral
CAAGACCTACCACACAACAGGAGGAAAGTGAACAGAGGAGACACTTTATGCCTGTTGTG,0.200798865,-0.12340330099999999,Bad,viral
CCCAGAGATATGGTGTTCAGAACATCGACAAACAGAGGAGATGTCGAATGTCTGAACAC,0.02278346,0.643883206,Good,viral
TCACCTTCAGAATCTGACAGTGTCCATGTGAACAGAGGAGACACATGATGACTGTCAGA,0.257321222,0.10857584,Bad,viral
ATTATCAGATATTGATAACTAGTCATAATAAACAGAGGAGATATTATATGTAGTTATCA,0.0,0.20618442899999997,Bad,viral
TAGTTCAGCCTCAATTAGCATCCACCTGGTAACAGAGGAGAACCAGGATGATGCTAATT,0.018415729,0.7672810729999999,Good,viral
TATCAAAGCATTTACTGCTTTGTTGATCAAAACAGAGGAGATTGATCATGAAAGCAGTA,0.970431168,-0.042863294,Bad,viral
CAGATATTGATAACTAGTCATAATACAGTCAACAGAGGAGAGACTGTATGATGACTAGT,0.31674777,0.22265705600000002,Bad,viral
TGGGAGATGGTCTCGAGAATTGGCAGTGATAACAGAGGAGAATCACTATGAATTCTCGA,0.135299095,0.02637765,Bad,viral
TGCCCATATGATTCAATCTGTGAGGTTTGGAACAGAGGAGACCAAACATGACAGATTGA,0.0,0.055198432,Bad,viral
TGCTAAGTACTCACATGGGATTGATGTCACAACAGAGGAGAGTGACAATGATCCCATGT,0.0,0.601334794,Good,viral
TCAAGCGGTCAACAATCTTGTTGAATTAAAAACAGAGGAGATTTAATATGACAAGATTG,0.49743472,0.25357148,Bad,viral
ATGGAGTGGTGAGAGTTTGGGATGTGAAAAAACAGAGGAGATTTTCAATGCCCAAACTC,0.5367686389999999,0.09758200199999999,Bad,viral
GTCCACAGGAACAAATGCCCATATGATTCAAACAGAGGAGATGAATCATGTGGGCATTT,0.301139733,0.302295166,Bad,viral
CTCGGGCTGGGAGAGATGGAGTGGTGAGAGAACAGAGGAGACTCTCAATGCTCCATCTC,0.0,0.153510402,Bad,viral
ACAAGATTTGTTTGTCAGGAGATGGATGGCAACAGAGGAGAGCCATCATGCTCCTGACA,0.017247281,-0.017247281,Bad,viral
CATATTGTCAGCTTGTTGTTCAATATCATCAACAGAGGAGAGATGATATGGAACAACAA,0.632527368,0.205844232,Bad,viral
CCACAGCTGTGTTCCCGAAGCATTTTAGTTAACAGAGGAGAAACTAAATGGCTTCGGGA,0.140380204,0.476872139,Good,viral
TGTTGATCAACTGAATGCTCATTTGTGCTTAACAGAGGAGAAAGCACATGTGAGCATTC,0.0,0.032139842,Bad,viral
ATGGTCATATTGAGTGTCTCCATGTTTAGTAACAGAGGAGAACTAAAATGGGAGACACT,0.378327378,0.6216726220000001,Good,viral
TGAATCACAAGGAAGAAAAGACATTAAACTAACAGAGGAGAAGTTTAATGTCTTTTCTT,0.290974479,0.20224157,Bad,viral
GCTGTGTTCCCGAAGCATTTTAGTTCAGCCAACAGAGGAGAGGCTGAATGAAAATGCTT,0.016466553999999998,0.22279024100000008,Bad,viral
CACTATTTGTCCCATTTTAAATAGGACACTAACAGAGGAGAAGTGTCATGTTTAAAATG,0.218661396,0.270366517,Bad,viral
GTGATCATATTGTCAGCTTGTTGTTCAATAAACAGAGGAGATATTGAATGACAAGCTGA,0.057255613,0.276077721,Bad,viral
TTCTTTTTGTGGGCATCAGACAGATTGCAAAACAGAGGAGATTGCAAATGGTCTGATGC,0.0,0.095590909,Bad,viral
TGCAGTCTGGGACCAGTATAAAGACTTATGAACAGAGGAGACATAAGATGTTATACTGG,0.032379579,0.9676204209999999,Good,viral
AACTACAGGTGGTGAAAGATGCCCAGGCTCAACAGAGGAGAGAGCCTATGCATCTTTCA,0.006282009,0.012213935,Bad,viral
TGCACTCCCCCGGAATATGGTCATTACCTGAACAGAGGAGACAGGTAATGACCATATTC,0.0,0.7058625909999999,Good,viral
ACTAATATAAATATCTCTAGTCCTTTGTGAAACAGAGGAGATCACAAATGACTAGAGAT,0.468935719,0.257596172,Bad,viral
GAAAAATGCAGAGTTGCTCAGTAATCAGTTAACAGAGGAGAAACTGAATGCTGAGCAAC,0.032797556,0.9672024440000001,Good,viral
CAAAAGAGTATACTGAGAGTTGGGACTCTAAACAGAGGAGATAGAGTATGAACTCTCAG,0.24796885899999999,0.41869780799999995,Bad,viral
AATATCTCAGGTTATAATTTTAGCTTGGGTAACAGAGGAGAACCCAAATGAAAATTATA,0.548850246,-0.134776107,Bad,viral
CCTTTGAATGGCTTGTTTGTTGAAGTCAAAAACAGAGGAGATTTGACATGAACAAACAA,0.5998191860000001,0.151989947,Bad,viral
CTCAGGTTATAATTTTAGCTTGGGTGCAGCAACAGAGGAGAGCTGCAATGAAGCTAAAA,0.990637513,-0.45070250700000003,Bad,viral
TCTCAGTGATCATATTGTCAGCTTGTTGTTAACAGAGGAGAAACAACATGCTGACAATA,0.08945905800000001,0.71700025,Good,viral
CAATATGCCTATGAGTTGGTATTTTGACTAAACAGAGGAGATAGTCAATGTACCAACTC,0.478510276,-0.23640771300000002,Bad,viral
CACAGTGGATCCTAGGCTATTGGATTGCGCAACAGAGGAGAGCGCAAATGAATAGCCTA,0.0,0.22093316300000002,Bad,viral
TTAAAGCAGTTCAAGCAGGATGCTAAGTACAACAGAGGAGAGTACTTATGATCCTGCTT,0.333333333,-0.063164523,Bad,viral
GTTGTTCTTTGTGCAGGAGAGAGGCATGGTAACAGAGGAGAACCATGATGCTCTCCTGC,0.017652698999999997,0.081233399,Bad,viral
TGTCAGCTTGTTGTTCAATATCATCAGAAAAACAGAGGAGATTTCTGATGATATTGAAC,0.534188043,-0.003306443,Bad,viral
TGCTGGATGGTGGCAATATGTTGGAGACAAAACAGAGGAGATTGTCTATGACATATTGC,0.044006085,0.7844717520000001,Good,viral
ACTTCTCCGAAGTCAGTAATGTTCAACGGTAACAGAGGAGAACCGTTATGCATTACTGA,0.08410709699999999,-0.039018849,Bad,viral
CAGAAAGCTGACAGCAACAATTCCAGTAAAAACAGAGGAGATTTACTATGATTGTTGCT,0.18500081,0.3875609920000001,Bad,viral
TGGTATCCTCAAATCCATTTTAAAGGTCAAAACAGAGGAGATTGACCATGAAAATGGAT,0.064390005,0.539802893,Good,viral
ACAAAATTCCTCATCATGCTTCTCATTACAAACAGAGGAGATGTAATATGAAGCATGAT,0.322907473,0.64757168,Good,viral
GGAGAGAGGCATGGTCATATTGAGTGTCTCAACAGAGGAGAGAGACAATGAATATGACC,0.284613277,0.715386723,Good,viral
AGGAATCCTTATGAAAACATACTCTACAAGAACAGAGGAGACTTGTAATGTATGTTTTC,0.333333333,0.015616743999999997,Bad,viral
AAACTGATTCCAGGAAGTATGAAAATGCAGAACAGAGGAGACTGCATATGCATACTTCC,0.010869668999999998,0.213842685,Bad,viral
GTCAAGAAGGCTCTTGGAATGTTCATTTCAAACAGAGGAGATGAAATATGCATTCCAAG,0.766800125,0.11490699300000001,Bad,viral
GACACCCCTGGTGAAAGGAATCCTTATGAAAACAGAGGAGATTCATAATGATTCCTTTC,0.33771918,-0.049778768,Bad,viral
TGAGAACAATGTTCATCACCTCTTCTATTAAACAGAGGAGATAATAGATGAGGTGATGA,0.0,0.10476745300000001,Bad,viral
TTGAGATTATGCTCATAAGAGCGTGGTCATAACAGAGGAGAATGACCATGCTCTTATGA,0.020959149,-0.020959149,Bad,viral
CCCATTTTAAATAGGACACTTGAATTGCGCAACAGAGGAGAGCGCAAATGAAGTGTCCT,0.009353444,0.099505005,Bad,viral
AATGGACTGCATCATGTTTGATGCAGCAGTAACAGAGGAGAACTGCTATGTCAAACATG,0.8212556259999999,-0.11137425699999999,Bad,viral
ATGCAGCAGTGTCAGGAGGACTGAACACATAACAGAGGAGAATGTGTATGGTCCTCCTG,0.047368425,0.323217457,Bad,viral
AAACTAATTGATATTGACCTCAGTAAAACTAACAGAGGAGAAGTTTTATGGAGGTCAAT,0.21380528899999998,0.607613799,Good,viral
CCCCCTGGTGTGTCTTCACCTTCAGAATCTAACAGAGGAGAAGATTCATGAGGTGAAGA,0.011631427,0.11453874900000001,Bad,viral
AGCACTGCTAGTACAGACAGTGCAATGAGAAACAGAGGAGATCTCATATGACTGTCTGT,0.248920399,0.335847541,Bad,viral
TGATGTCCCGTAGATGGTTCTTCATTATAAAACAGAGGAGATTATAAATGAGAACCATC,0.596439414,0.403560586,Bad,viral
ACTTGCTGTAATTACAGTATGGAATTCCCAAACAGAGGAGATGGGAAATGCATACTGTA,0.245778153,0.33688983899999997,Bad,viral
GAACCATTTGATACAAGCCAACATTTGGGCAACAGAGGAGAGCCCAAATGTTGGCTTGT,0.083532235,0.026131902999999998,Bad,viral
GTTCATTTCAGACACCCCTGGTGAAAGGAAAACAGAGGAGATTCCTTATGCCAGGGGTG,0.134395872,-0.034739905,Bad,viral
GAAAGTTGAGATTATGCTCATAAGAGCGTGAACAGAGGAGACACGCTATGATGAGCATA,0.430789373,-0.037327535,Bad,viral
TCATCATGCTTCTCATTACATTTTGCCACAAACAGAGGAGATGTGGCATGATGTAATGA,0.007262091999999999,0.000270465,Bad,viral
CAGGAACAAATGCCCATATGATTCAATCTGAACAGAGGAGACAGATTATGTCATATGGG,0.00907348,0.870975279,Good,viral
CTGAACACATCGGTTTTGAGAGCAGTGCTGAACAGAGGAGACAGCACATGTCTCAAAAC,0.0,0.058947463,Bad,viral
ATAACCCCTCACTGTGCACTAATGGACTGCAACAGAGGAGAGCAGTCATGTAGTGCACA,1.0,-0.9727793640000001,Bad,viral
CTTCCATTTCACAGGCACACCAGGCTGTTTAACAGAGGAGAAAACAGATGGGTGTGCCT,0.0,0.760377222,Good,viral
TCTTGTTGAATTAAAATCAACTCAACAAAAAACAGAGGAGATTTTGTATGGTTGATTTT,0.6291780779999999,-0.073007753,Bad,viral
ACAATGGTTGGCTGCATCCCCAGCATAGCTAACAGAGGAGAAGCTATATGGGGGATGCA,0.180767078,0.679724764,Good,viral
GTTGGTCATTTATCAAAGCATTTACTGCTTAACAGAGGAGAAAGCAGATGATGCTTTGA,0.10622080800000001,-0.10622080800000001,Bad,viral
ACTTATTAATCTTAGCCGCTGATCTAGAGAAACAGAGGAGATCTCTAATGCAGCGGCTA,0.064071686,0.188507039,Bad,viral
TTTGTTGTGTGCATACAACACAACAATCTGAACAGAGGAGACAGATTATGGTGTTGTAT,0.446232542,0.5537674579999999,Good,viral
GAGGACTGAACACATCGGTTTTGAGAGCAGAACAGAGGAGACTGCTCATGAAACCGATG,0.0,0.131932024,Bad,viral
ATTGAAGGAAGACCTGAAGATCCAGTGGAAAACAGAGGAGATTCCACATGATCTTCAGG,0.015548325,0.075515555,Bad,viral
GTACAGACAGTGCAATGAGAACAATGTTCAAACAGAGGAGATGAACAATGTTCTCATTG,0.613079414,0.053587253,Bad,viral
CAATGATTTGAAACGGTTGAGGGACCTAAAAACAGAGGAGATTTAGGATGCTCAACCGT,0.20979058899999997,0.555062214,Good,viral
GAGGCATGGTCATATTGAGTGTCTCCATGTAACAGAGGAGAACATGGATGCACTCAATA,0.087207196,0.5886880870000001,Good,viral
TGCTGCCCAGAGATATGGTGTTCAGAACATAACAGAGGAGAATGTTCATGACACCATAT,0.0,0.649030274,Good,viral
AGAAAGGCCATTAAGTGCAGGTGTCTATATAACAGAGGAGAATATAGATGCCTGCACTT,0.127128455,0.211679481,Bad,viral
GACAATCAAGGTGTCACCTCAGACAATGGAAACAGAGGAGATCCATTATGTGAGGTGAC,0.0,0.022484179,Bad,viral
TATTACATGAGGCACTTCCTGGAAGAATGTAACAGAGGAGAACATTCATGCAGGAAGTG,0.44626843,0.356085408,Bad,viral
GGAAGAATGTCACTATTTGTCCCATTTTAAAACAGAGGAGATTAAAAATGGACAAATAG,0.614925321,-0.5728397789999999,Bad,viral
