switch_sequence,on_value,off_value,onoff_value,on_preds,off_preds
ACAAAAAAACAATAAAAAATAGAGAAAAAGAACAGAGGAGACTTTTTATGTATTTTTTA,0.428270378,0.818291235,-0.390020857,0.5218145,0.81590146
ATAAACAAAATGGATATTATAGACAAAAAAAACAGAGGAGATTTTTTATGTATAATATC,0.570485572,0.934635132,-0.364149559,0.7000903,0.86470324
GATGTTACAAACGATAATATAGACAAAAATAACAGAGGAGAATTTTTATGTATATTATC,0.642210038,1,-0.357789962,0.71829695,0.85094154
CACATACATATCTTTATAATAGACATTAAGAACAGAGGAGACTTAATATGTATTATAAA,0.650282476,1,-0.349717524,0.68117374,0.920889
GATAAATCGGTATGCGATTCTGATAATAAAAACAGAGGAGATTTATTATGAGAATCGCA,0.665993312,1,-0.334006688,0.7607322,0.7900668
AAAATAAGGTAAAATATTAATACCATAAAAAACAGAGGAGATTTTATATGATTAATATT,0.653887547,0.985928953,-0.332041406,0.79952866,0.9460034
TTAAAAATTTAAAAAATTAAAAATAGAAAAAACAGAGGAGATTTTCTATGTTTAATTTT,0.497750906,0.806307115,-0.308556209,0.59070027,0.73276293
TTTCCAAGAAAAACAATTTTTAAGAGAAAAAACAGAGGAGATTTTCTATGAAAAATTGT,0.617400085,0.914865831,-0.297465746,0.7525473,0.74507564
ATTTACTTTACAACTTTTATGATAAAAAATAACAGAGGAGAATTTTTATGCATAAAAGT,0.706620479,1,-0.293379521,0.8279068,0.7890435
AATTGATGATGTATTAATTTTTATGTTGATAACAGAGGAGAATCAACATGAAAATTAAT,0.683358011,0.973790947,-0.290432935,0.8034613,0.7434826
AAAATAAGTTAGCTGGATATTGATAAATTTAACAGAGGAGAAAATTTATGAATATCCAG,0.722931354,1,-0.277068646,0.8568076,0.89202005
AACTGTAGCTCCATTGGATTTGATATCTACAACAGAGGAGAGTAGATATGAAATCCAAT,0.662672194,0.93771166,-0.275039465,0.7847842,0.7275047
CCTCGTTCGGTTAATAAAACAGAGTTAGTGAACAGAGGAGACACTAAATGTGTTTTATT,0.460386981,0.724816158,-0.264429176,0.45394608,0.5482565
GAAATTAGATACCCTATTATAGATATCAAAAACAGAGGAGATTTGATATGTATAATAGG,0.736327653,1,-0.263672347,0.7740956,0.8085219
GATGTTCAACACATACATTTTGGGTTTAGAAACAGAGGAGATCTAAAATGAAAATGTAT,0.737202899,1,-0.262797101,0.77415764,0.78090113
CATCTGTATAACAAAAAAACAGAGATATTGAACAGAGGAGACAATATATGTGTTTTTTT,0.630959745,0.889560354,-0.258600608,0.7140926,0.78550667
AAAAGGGCGCTAAGCATTTTTGATTCAACAAACAGAGGAGATGTTGAATGAAAAATGCT,0.742719188,1,-0.257280812,0.8694503,0.9191362
TACTATATAGACGATTAAAAAATGTAGAATAACAGAGGAGAATTCTAATGTTTTTAATC,0.648586113,0.897455915,-0.248869802,0.7479615,0.69013864
TACACCCATATTATAATTAAAAATTTTCAAAACAGAGGAGATTGAAAATGTTTAATTAT,0.733813385,0.980769848,-0.246956463,0.77251565,0.7775441
TACGTTTAATTAATTAATTAATAAAAAAATAACAGAGGAGAATTTTTATGTTAATTAAT,0.75465375,1,-0.24534625,0.7759854,0.866383
CCATATAATTAAAGAATTTATGACATACGAAACAGAGGAGATCGTATATGATAAATTCT,0.641839986,0.88627167,-0.244431683,0.77433896,0.73831475
TACCAAAATAGTAAAAATTTTGCTATTCAGAACAGAGGAGACTGAATATGAAAATTTTT,0.565162207,0.807677655,-0.242515448,0.6513412,0.6266174
TTCCAATTGAGGTGGTTTTGTGGATATAATAACAGAGGAGAATTATAATGACAAAACCA,0.768040129,1,-0.231959871,0.8882089,0.79234725
AAAAAGATATAATAGTATTTTAGGACAAAAAACAGAGGAGATTTTGTATGAAAATACTA,0.769603098,1,-0.230396902,0.80742615,0.9065179
CTGAGTGCTTCATTTTATAAAGATCTGATAAACAGAGGAGATATCAGATGTTTATAAAA,0.607168441,0.837051677,-0.229883237,0.67242736,0.6665903
TATAACAATACAATATTGAATGTGTTTTACAACAGAGGAGAGTAAAAATGATTCAATAT,0.772419381,1,-0.227580619,0.88031477,0.80262905
GATTCTTTTTTACAATAAATTGAAATCGAAAACAGAGGAGATTCGATATGAATTTATTG,0.478716327,0.706213113,-0.227496786,0.5566378,0.5590125
ATGACTGATGCTTGGTTTGCAGCTATTTTGAACAGAGGAGACAAAATATGTGCAAACCA,0.666666667,0.893841112,-0.227174446,0.81178534,0.68647224
ACAAAAATAGATATTATTTTTGCAGTACAAAACAGAGGAGATTGTACATGAAAAATAAT,0.730201492,0.956800831,-0.226599339,0.84052384,0.7256495
TTTCTTCTTTTAAAAAATAAAATGAGTTTTAACAGAGGAGAAAAACTATGTTTATTTTT,0.666666667,0.893055713,-0.226389047,0.81152564,0.8156954
CATGTATCTTGCATATAGTTTGCGTAAATCAACAGAGGAGAGATTTAATGAAACTATAT,0.753773274,0.976206394,-0.22243312,0.8244819,0.75204664
ATTATGATTTATAATTTTAGAGGCTAACAAAACAGAGGAGATTGTTAATGTCTAAAATT,0.747781994,0.969437133,-0.221655139,0.70651793,0.7640021
AGAATTTTCTAAAAAAACTAAAAGTAAAATAACAGAGGAGAATTTTAATGTTAGTTTTT,0.681953221,0.902767095,-0.220813874,0.6693722,0.7781647
CATTGTTATAGGATTTATTATCCTAATTATAACAGAGGAGAATAATTATGATAATAAAT,0.782310419,1,-0.217689581,0.9052446,0.9193883
AAATGAATATAAAATAATAAAAACATAATTAACAGAGGAGAAATTATATGTTTATTATT,0.78650983,1,-0.21349017,0.8239663,0.98686135
GTTTATAGAACAAAAAATTAAGTACAATAGAACAGAGGAGACTATTGATGTTAATTTTT,0.647402423,0.858375165,-0.210972742,0.74017227,0.696642
ATACTTATTAATTGTAATAGTGATATTATTAACAGAGGAGAAATAATATGACTATTACA,0.790407524,1,-0.209592476,0.909212,0.8686977
TTCCGCTTCCTTTATCAAATAAATTTTGAAAACAGAGGAGATTCAAAATGTATTTGATA,0.613102415,0.822377636,-0.209275221,0.5923375,0.64652735
ATTACTATGTTGTTTATAATTGTGTTCAACAACAGAGGAGAGTTGAAATGAATTATAAA,0.732952329,0.941993843,-0.209041514,0.751758,0.82777756
TAATGGTGTATGAATTAATTTACGTTCTACAACAGAGGAGAGTAGAAATGAAATTAATT,0.791534201,1,-0.208465799,0.8708819,0.80093557
TGAAAAATACTCATAAAAATACTCATAAAAAACAGAGGAGATTTTATATGTATTTTTAT,0.689439345,0.897057691,-0.207618346,0.6273808,0.7485534
TGTCAGCTGCATCTGTTGTTTGGTTTTTGAAACAGAGGAGATCAAAAATGAAACAACAG,0.795689293,1,-0.204310707,0.88539296,0.76873875
CTGAGGGCTGGTGTTTTTTTCTACATTTTCAACAGAGGAGAGAAAATATGGAAAAAAAC,0.789868767,0.992481305,-0.202612538,0.9547507,0.9056811
TAAGAAAAGTTACATTTTTATAGGTCAATTAACAGAGGAGAAATTGAATGATAAAAATG,0.779174501,0.980967216,-0.201792715,0.90701383,0.84129745
GGATGCAAACTAAAAATTATTTCGAATGATAACAGAGGAGAATCATTATGAATAATTTT,0.798579278,1,-0.201420722,0.8634407,0.76895934
CATATCTTTCTGAGATTGTTTAAATATTATAACAGAGGAGAATAATAATGAAACAATCT,0.781852043,0.981007928,-0.199155885,0.8631307,0.81905967
TTTATTGAGATAGATTAAAAATACAAATTTAACAGAGGAGAAAATTTATGTTTTTAATC,0.692584197,0.891458108,-0.19887391,0.8343284,0.7923406
AATCTGATGAAAAAATAATAAATATAATTTAACAGAGGAGAAAATTAATGTTATTATTT,0.802304777,1,-0.197695223,0.83241886,0.8919768
ATATAGGTCATCATTATATTTGGATTAAAAAACAGAGGAGATTTTAAATGAAATATAAT,0.802739442,1,-0.197260558,0.7920158,0.9354231
CCATCAAGAGCATTTCTCATATATATATCAAACAGAGGAGATGATATATGTATGAGAAA,0.804919794,1,-0.195080206,0.9508973,0.8054413
ATAACTAAGAATTTTATCATACATGGTAATAACAGAGGAGAATTACCATGTATGATAAA,0.687765549,0.882666941,-0.194901392,0.7734244,0.6988699
AAAAATAATAGTTATATTTACACTTTAAATAACAGAGGAGAATTTAAATGGTAAATATA,0.732072148,0.923136518,-0.19106437,0.80564785,0.71766764
AAGAACCTTTGTATTTATTTTCATTTTTTAAACAGAGGAGATAAAAAATGAAAATAAAT,0.809748624,1,-0.190251376,0.93525815,0.99905694
GTCCATTGGCAGTGCTAAATTGAGTAGCTAAACAGAGGAGATAGCTAATGAATTTAGCA,0.779915937,0.96890783,-0.188991892,0.84236526,0.7290757
TAATAGTAGAGTATTGTTTAATAATTTTAAAACAGAGGAGATTAAAAATGTTAAACAAT,0.787292854,0.973898549,-0.186605695,0.89794576,0.85105854
CCACTGTTTTCCTAATTTTCTAACTGTAAAAACAGAGGAGATTTACAATGAGAAAATTA,0.747270116,0.933764606,-0.18649449,0.81777984,0.7145639
TTACAATTATTAATAAAACATAAAAATAATAACAGAGGAGAATTATTATGATGTTTTAT,0.808819476,0.995254007,-0.186434531,0.78406143,0.80750626
GTGTTCAATCAAATGATGTTTGTGTTTAAAAACAGAGGAGATTTAAAATGAAACATCAT,0.787389074,0.973763907,-0.186374834,0.8714929,0.8920591
CACCATATCCTCCATCTTTTTAATGATTTTAACAGAGGAGAAAAATCATGAAAAAGATG,0.814329885,1,-0.185670115,0.90204614,0.8059452
TCCGGAGGCTAGCAAATCACTGACAGGATTAACAGAGGAGAAATCCTATGAGTGATTTG,0.637744658,0.823211813,-0.185467155,0.7870774,0.7183613
TTTACAAATTTCTATTTTCTTGGCCATTTTAACAGAGGAGAAAAATGATGAAGAAAATA,0.814550256,1,-0.185449744,0.8939649,0.8649716
CTCTCTTTCTTATGTTTTTTTCTTGATTTTAACAGAGGAGAAAAATCATGAAAAAAACA,0.799719479,0.98201636,-0.182296881,0.87620836,0.7734701
GATTTGAGATCTTAAATTAAAGACACTAAAAACAGAGGAGATTTAGTATGTTTAATTTA,0.820347945,1,-0.179652055,0.75918543,0.821487
TAATCTTGTTCATTGGAATAAGAAAAAATAAACAGAGGAGATATTTTATGTTATTCCAA,0.821698527,1,-0.178301473,0.788422,0.79819393
GCGGAGGTTAATAACATTATAGATATACAAAACAGAGGAGATTGTATATGTATAATGTT,0.822996472,1,-0.177003528,0.7959958,0.8147934
TCCTCATCATAATGCCATGTTGATTTGTGTAACAGAGGAGAACACAAATGAACATGGCA,0.691119227,0.867692711,-0.176573484,0.8369207,0.73560137
ATTCAGTAAACGAATAATTTCTGAAATAAAAACAGAGGAGATTTATTATGGAAATTATT,0.828044627,1,-0.171955373,0.7944293,0.76093334
GAGAAAATTGCATGATTTTTTGTCAGGAATAACAGAGGAGAATTCCTATGAAAAAATCA,0.579146447,0.750442606,-0.171296159,0.70993316,0.6396491
ATAAAATAAAGAAAAATAAAATAAAATAAGAACAGAGGAGACTTATTATGTTTTATTTT,0.69069111,0.861610711,-0.170919601,0.688805,0.699906
TTTTTGAAGTTTCCAAATTTTGATAATATAAACAGAGGAGATATATTATGAAAATTTGG,0.832259367,1,-0.167740633,0.89776045,0.89989114
TTTGTTCAATTAAAAGTATATTCAAAAAATAACAGAGGAGAATTTTTATGATATACTTT,0.674470914,0.838982364,-0.16451145,0.79045165,0.6792206
CAATCTAAATTATTTCAAATTGTCTCTAATAACAGAGGAGAATTAGAATGAATTTGAAA,0.835727246,1,-0.164272754,0.8259302,0.8515396
CTACATTGTAAATACTAGTATGTGATAAATAACAGAGGAGAATTTATATGATACTAGTA,0.689279994,0.852793023,-0.163513029,0.8561759,0.76895887
ACTTACCCAATAATCTTTATAAAAAATACTAACAGAGGAGAAGTATTATGTATAAAGAT,0.817934403,0.981098963,-0.163164559,0.9031976,0.7730858
AATTTTTATACCAAATATAAAAAATAAGGTAACAGAGGAGAACCTTAATGTTTATATTT,0.609945794,0.772507543,-0.162561749,0.65756136,0.661158
AAAATGATTTGCCACATTTTTTACATTTGAAACAGAGGAGATCAAATATGAAAAATGTG,0.752873383,0.915166185,-0.162292803,0.89033383,0.8594134
TGCTTTTATCGGAACTTTAAAAATAACAAAAACAGAGGAGATTTGTTATGTTTAAAGTT,0.526273882,0.68854835,-0.162274468,0.6460983,0.59369177
ACAAAACTGACCAATAAAATTATAGTAAAAAACAGAGGAGATTTTACATGAATTTTATT,0.838428648,1,-0.161571352,0.73093945,0.7632726
GACCCATTATATATTTATAAAATGTTTCAGAACAGAGGAGACTGAAAATGTTTATAAAT,0.841099992,1,-0.158900008,0.7837868,0.7846295
GCCCACTTGGCCTTCCTGTTTGAGCTGATCAACAGAGGAGAGATCAGATGAAACAGGAA,0.586163708,0.745014537,-0.158850829,0.7040616,0.57690954
GTTGAAGAGAGTTGTTTCACACACATCACAAACAGAGGAGATGTGATATGTGTGAAACA,0.655588056,0.813556686,-0.157968631,0.7861919,0.6164662
AGACTTGGGAATATATGCGAATATATTTTTAACAGAGGAGAAAAAATATGTTCGCATAT,0.809856889,0.967775796,-0.157918907,0.9131821,0.7974293
TCGTCTATTATGTTTAATATCATCAAAATCAACAGAGGAGAGATTTTATGGATATTAAA,0.820559051,0.978415002,-0.157855952,0.8050898,0.77357584
AATCTTCATCATATGTTTTTTCTTAATAACAACAGAGGAGAGTTATTATGAAAAAACAT,0.802353837,0.958578067,-0.15622423,0.90675884,0.81833977
ATCTATAAGTGATAGATTTTTGAATGATTTAACAGAGGAGAAAATCAATGAAAAATCTA,0.844288553,1,-0.155711447,0.85920995,0.836551
GAAATGTAGGATATTTAACAAGAATTTTTGAACAGAGGAGACAAAAAATGTTGTTAAAT,0.844964745,1,-0.155035255,0.8692169,0.9211296
AAAAAGATGCCCACTAATAAAAAGATTAATAACAGAGGAGAATTAATATGTTTATTAGT,0.838472488,0.992801568,-0.154329079,0.8600193,0.7829513
TGATAATCAAAGGATTAATAAAAATACTAAAACAGAGGAGATTAGTAATGTTATTAATC,0.701240626,0.854527882,-0.153287256,0.8209211,0.78729945
CTATATTATAATTCCAATATTGGTAAAATTAACAGAGGAGAAATTTTATGAATATTGGA,0.753900314,0.90507187,-0.151171556,0.8654583,0.7714012
ATGTTGATATCTAAGAAATTTTACAATTATAACAGAGGAGAATAATTATGAAATTTCTT,0.740962699,0.891777241,-0.150814542,0.8752448,0.8711048
GTTGCAGAACTTACATTGATAGGCCATCTAAACAGAGGAGATAGATGATGTATCAATGT,0.751808422,0.902245507,-0.150437085,0.8053471,0.7192843
AAAATTATACGAAAAATAATAGTAATCAGTAACAGAGGAGAACTGATATGTATTATTTT,0.776220907,0.924702214,-0.148481306,0.80946004,0.8263264
AGTTATCTCCGTATTTTCGCACACATTTACAACAGAGGAGAGTAAATATGTGCGAAAAT,0.749367109,0.897323918,-0.147956809,0.8663951,0.69506794
ATATCTCGTCCAATCAAATTCGACAAAGTGAACAGAGGAGACACTTTATGGAATTTGAT,0.536314705,0.683779349,-0.147464644,0.5936526,0.5325297
AGGAGAGTTCAAGATGTCAATGACACAATTAACAGAGGAGAAATTGTATGATTGACATC,0.761760899,0.90921257,-0.147451671,0.8988694,0.69374627
ACAAGTCTGACTCCTATACAAAAGATCTTGAACAGAGGAGACAAGATATGTTGTATAGG,0.579046023,0.724454741,-0.145408717,0.68968236,0.60371023
ACCATGAGCTCTTGATAACAAGAGTATCTGAACAGAGGAGACAGATAATGTTGTTATCA,0.463116086,0.608427412,-0.145311326,0.5357374,0.4607563
TAATAACGTACCATAATAAATACCCACATGAACAGAGGAGACATGTGATGATTTATTAT,0.527966773,0.673041774,-0.145075002,0.6075955,0.5048854
AACCACAGAACATAAACGTAAGCTTTATGCAACAGAGGAGAGCATAAATGTTACGTTTA,0.4256737,0.570091699,-0.144417999,0.52969784,0.43018475
CTGGTTGATCGTCACTTTCCTGAGAATCAGAACAGAGGAGACTGATTATGAGGAAAGTG,0.748426409,0.892118765,-0.143692356,0.84502083,0.73293877