,type,Toehold Sequence,Predicted good probability (NuSpeak),Predicted ON/OFF (STORM),Experimental fold change
11,bad,AGCTGTCCAACCTGAAGAAGAATCACCAGGAACAGAGGAGACCTGGTATGTCTTCTTCA,0.001566955,0.014890347,0.95653856
15,bad,CTAGCTACACTACGTGCCCGCCGAGGAGAAAACAGAGGAGATTCTCCATGGCGGGCACG,0.003428862,0.024493363,0.90420239
14,bad,CTGAGTCTGATAACTAGCGCATATACCTGCAACAGAGGAGAGCAGGTATGTGCGCTAGT,0.006713822,0.027932065,1.0978374
13,bad,CTTCAACACCATTACAAGGTGTGCTACCGGAACAGAGGAGACCGGTAATGCACCTTGTA,0.001183459,0.02008618,1.31786614
12,bad,AATATCTCTCTCAAAAGGTTTGAGATTAGAAACAGAGGAGATCTAATATGAAACCTTTT,0.007570698,0.012379387,0.91757054
10,bad,CTGTCCAACCTGAAGAAGAATCACCAGGAGAACAGAGGAGACTCCTGATGATTCTTCTT,0.000537677,0.03969395,1.00863871
9,bad,TTATAGCGGCCTTCTGTAAAACACGCACAGAACAGAGGAGACTGTGCATGTTTTACAGA,0.003841262,0.06845003,2.67481575
8,bad,GAAATTCCATCTAGTATTGTTATAGCGGCCAACAGAGGAGAGGCCGCATGAACAATACT,0.031341225,0.033257637,2.17996109
0,good,GTATTGTTATAGCGGCCTTCTGTAAAACACAACAGAGGAGAGTGTTTATGAGAAGGCCG,0.732553065,0.3512159,1.96440663
6,good,CTGATAACTAGCGCATATACCTGCACCAATAACAGAGGAGAATTGGTATGGGTATATGC,0.545130968,0.37822104,4.18444416
5,good,AAGGTTTGAGATTAGACTTCCTAAACAATCAACAGAGGAGAGATTGTATGGGAAGTCTA,0.740273237,0.36422086,1.55431977
4,good,GTTTGAGATTAGACTTCCTAAACAATCTATAACAGAGGAGAATAGATATGTTAGGAAGT,0.762438655,0.40155268,2.12925924
3,good,TTTTAATAGAAAAGTCCTAGGTTGAAGATAAACAGAGGAGATATCTTATGCCTAGGACT,0.715404272,0.38018593,1.47991796
2,good,AGAAGAATCACCAGGAGTCAAATAACTTCTAACAGAGGAGAAGAAGTATGTTGACTCCT,0.742166996,0.3237672,1.70625
1,good,ATACTGTGAAATTCCATCTAGTATTGTTATAACAGAGGAGAATAACAATGCTAGATGGA,0.648679972,0.35315558,3.23692118
7,good,CGAGGAGAATTAGTCTGAGTCTGATAACTAAACAGAGGAGATAGTTAATGGACTCAGAC,0.779562473,0.33594778,1.27166105
22,optimized,AAGGTTTGAGATTAGACTTCCTAAGCTCTAAACAGAGGAGATAGAGCATGGGAAGTCTA,,,2.51777048
16,optimized,CTGAGTCTGATAACTAGCGCAATAATACTAAACAGAGGAGATAGTATATGTGCGCTAGT,,,1.83906399
17,optimized,AATATCTCTCTCAAAAGGTTTTCATCTTCTAACAGAGGAGAAGAAGAATGAAACCTTTT,,,7.62836246
18,optimized,CTGTCCAACCTGAAGAAGAATCTAATCTTAAACAGAGGAGATAAGATATGATTCTTCTT,,,4.67543355
19,optimized,GAAATTCCATCTAGTATTGTTTCACCTTCTAACAGAGGAGAAGAAGGATGAACAATACT,,,11.1648477
20,optimized,CGAGGAGAATTAGTCTGAGTCATAATCTTAAACAGAGGAGATAAGATATGGACTCAGAC,,,2.61140063
21,optimized,CTGATAACTAGCGCATATACCTCATCTTCTAACAGAGGAGAAGAAGAATGGGTATATGC,,,1.80483465
23,optimized,GTTTGAGATTAGACTTCCTAATTATTCTCTAACAGAGGAGAAGAGAAATGTTAGGAAGT,,,5.26246493
