,type,Toehold Sequence,Predicted ON/OFF (STORM),Experimental fold change,Unnamed: 4,Unnamed: 5,Unnamed: 6,Unnamed: 7
5,bad,TGTATAAACCCACAAATGTAAGTGAAAAAAAACAGAGGAGATTTTTTATGTTACATTTG,0.01233459,0.47453500469604826,,,,
6,bad,AATGTCCACACCCAAATTATTGAGTATTTTAACAGAGGAGAAAAATAATGAATAATTTG,0.01209919,0.5668332847280575,,,,
7,bad,GTTGTTTAATCCTTTAATAAAGTATAAATAAACAGAGGAGATATTTAATGTTTATTAAA,0.00975424,0.6182565551446122,,,,
8,bad,ATCAAAGTGTCCCTTATTTACAACATTAAAAACAGAGGAGATTTAATATGGTAAATAAG,0.00747657,0.6475022388706387,,,,
0,good,CTTAAGCTTAAGTACACAATTTTGCATAGAAACAGAGGAGATCTATGATGAATTGTGTA,0.76923424,0.9355265,,,,
1,good,TGCCACCAACACCCAACAATTTAATGTTGAAACAGAGGAGATCAACAATGAATTGTTGG,0.75720316,1.20262427,,,,
2,good,AATTTTGAAGGTCACACTTTTCTAATAGCAAACAGAGGAGATGCTATATGAAAAGTGTG,0.75377434,2.31082423,,,,
3,good,ACTTCTACTAAGCCACAAGTGCCATCTTTAAACAGAGGAGATAAAGAATGCACTTGTGG,0.752235,5.35363242,,,,
4,good,CACTAGTGTAGGTGCACTTAATGGCATTACAACAGAGGAGAGTAATGATGTTAAGTGCA,0.71580595,0.95036209,,,,
9,optimized,TCCTTCGGCATCTACATCTATATAAAACGAAACAGAGGAGATCGTTTATGATAGATGTA,,13.930503239415398,,,,
10,optimized,CTCATTATTATCTGCTGGTCTTCCCCTCCAAACAGAGGAGATGGAGGATGAGACCAGCA,,1.389138782227098,,,,
11,optimized,GATGGTTAAAACCCGACAACTATAGATCTAAACAGAGGAGATAGATCATGAGTTGTCGG,,6.5908918797975975,,,,
12,optimized,TTCATTATTATCTGCTGCTCTTCCCCTCCAAACAGAGGAGATGGAGGATGAGAGCAGCA,,2.1645410092251853,,,,
