,switch_sequence,on_preds,off_preds
0,AAAAAAAAAAAAAAAAAATGGAAAACAGTTAACAGAGGAGAAACTGTATGCCATTTTTT,0.65358996,0.21804345
1,AAAAAAAAAAAAATGGAAAACAGTTACTAAAACAGAGGAGATTAGTAATGGTTTTCCAT,0.61914694,0.25149363
2,AAAAAAAAATTACTACTATTGTTAATTTAGAACAGAGGAGACTAAATATGCAATAGTAG,0.10754293,0.037082836
3,AAAAAAAATAACGTAGGACTACTACTTGGAAACAGAGGAGATCCAAGATGTAGTCCTAC,0.085015595,0.040951565
4,AAAAAAAATGGAAAACAGTTACTAATATGTAACAGAGGAGAACATATATGTAACTGTTT,0.113205776,0.035373434
5,AAAAAAAATTTGGATTTATTTATGTCTCATAACAGAGGAGAATGAGAATGAAATAAATC,0.12045665,0.065027006
6,AAAAAAACATGAGCTTTGCTTTTTTCAAGTAACAGAGGAGAACTTGAATGAAGCAAAGC,0.8086796,0.44739774
7,AAAAAAACCAACACAGCTCCAGGAACATTAAACAGAGGAGATAATGTATGTGGAGCTGT,0.80527854,0.21002668
8,AAAAAAACTAAAAGTAAAATTTTGTTTGGTAACAGAGGAGAACCAAAATGAATTTTACT,0.79022646,0.53454906
9,AAAAAAACTGTAATGCGTATGCGGAGGTTAAACAGAGGAGATAACCTATGCATACGCAT,0.84957093,0.29894602
10,AAAAAAAGAAATTGGCCACAGGACCAAAGGAACAGAGGAGACCTTTGATGCTGTGGCCA,0.11062658,0.051566873
11,AAAAAAAGATTTTTTTCCGATGTTGATACAAACAGAGGAGATGTATCATGATCGGAAAA,0.83661646,0.62220156
12,AAAAAAAGTATTTTTTTTTAATATTTTCACAACAGAGGAGAGTGAAAATGTTAAAAAAA,0.7928605,0.7112462
13,AAAAAAATAGATGCTAAACGCAATATTAAAAACAGAGGAGATTTAATATGGCGTTTAGC,0.7435243,0.4421834
14,AAAAAAATAGATTCGTACAGAATAAGAGCCAACAGAGGAGAGGCTCTATGTCTGTACGA,0.22618493,0.06074449
15,AAAAAAATAGTTCCGTAATTAAATGGCTAAAACAGAGGAGATTAGCCATGTAATTACGG,0.08842328,0.034250617
16,AAAAAAATATGTAAGAAACATTGTTTCGTTAACAGAGGAGAAACGAAATGATGTTTCTT,0.6648818,0.26205912
17,AAAAAAATATTTGAGAGAGATTGGGTATCTAACAGAGGAGAAGATACATGATCTCTCTC,0.39942148,0.16863501
18,AAAAAAATCATCAATATTCTCAACGAATGAAACAGAGGAGATCATTCATGGAGAATATT,0.5522999,0.4658873
19,AAAAAAATCCATATATAATTTATATTCTATAACAGAGGAGAATAGAAATGAAATTATAT,0.881442,0.88223225
20,AAAAAAATGACATTATTTAAGAGCATTCTAAACAGAGGAGATAGAATATGCTTAAATAA,0.109293535,0.05626058
21,AAAAAAATGATAAAATAGATTAGTTTTATTAACAGAGGAGAAATAAAATGAATCTATTT,0.8733671,0.7632987
22,AAAAAAATGATTTCCATATCTTTGATGGGTAACAGAGGAGAACCCATATGAGATATGGA,0.54924977,0.11739657
23,AAAAAAATTAAACATTGAAAAGGTGTCTAGAACAGAGGAGACTAGACATGTTTTCAATG,0.3278035,0.17793879
24,AAAAAAATTATAATATTCGTATTAGCATCAAACAGAGGAGATGATGCATGTACGAATAT,0.7611562,0.19752312
25,AAAAAAATTGGTATTAGCTAATACATCCTTAACAGAGGAGAAAGGATATGTTAGCTAAT,0.8348504,0.52955985
26,AAAAAACAAGGTTTCTACTTTATATTTTTGAACAGAGGAGACAAAAAATGAAAGTAGAA,0.90714586,0.6500525
27,AAAAAACAATTTAAAACATTAATAAAATAGAACAGAGGAGACTATTTATGTAATGTTTT,0.08606769,0.042951256
28,AAAAAACACCTTCTCAACTTTAGATGCTTGAACAGAGGAGACAAGCAATGAAAGTTGAG,0.503322,0.10436986
29,AAAAAACAGCAAGAAAGTCCAGGAAAAAGCAACAGAGGAGAGCTTTTATGTGGACTTTC,0.38695025,0.13756353
30,AAAAAACCAGCCCATATTTAATGTAGTGTTAACAGAGGAGAAACACTATGTTAAATATG,0.82269675,0.31203517
31,AAAAAACCTGCCTGTCTTTCCGGGCAGTTTAACAGAGGAGAAAACTGATGGGAAAGACA,0.73675436,0.4440377
32,AAAAAACGCATTGAGCTCCTCGTACATGGGAACAGAGGAGACCCATGATGGAGGAGCTC,0.20564446,0.07383844
33,AAAAAACGGCATGTAGACATCACTGTAATTAACAGAGGAGAAATTACATGGATGTCTAC,0.653459,0.30215958
34,AAAAAACGTGTTACTATGGTAGAGGATTATAACAGAGGAGAATAATCATGTACCATAGT,0.84151167,0.76389784
35,AAAAAACTAATTATACCGCTAAAGAGTTTGAACAGAGGAGACAAACTATGTAGCGGTAT,0.10777891,0.036587913
36,AAAAAACTAGGGGGTCCATTGGGCATCACCAACAGAGGAGAGGTGATATGCAATGGACC,0.5161624,0.10999289
37,AAAAAACTAGTCCATTTAAGAGGTATGTAGAACAGAGGAGACTACATATGTCTTAAATG,0.10356669,0.044925727
38,AAAAAACTCCATAATGAGTGATGTTAACGTAACAGAGGAGAACGTTAATGTCACTCATT,0.3275774,0.1358989
39,AAAAAACTCCGGCTTTAGGATCAGGTACCAAACAGAGGAGATGGTACATGATCCTAAAG,0.46407473,0.13081875
40,AAAAAACTCTTTGGTCATGTCTTTCTCTTTAACAGAGGAGAAAAGAGATGGACATGACC,0.8115759,0.15786958
41,AAAAAACTGTTAGAACTACGTTAAGCAAGCAACAGAGGAGAGCTTGCATGACGTAGTTC,0.09955226,0.034181263
42,AAAAAACTGTTGAAAAAAGGAACTACAAGAAACAGAGGAGATCTTGTATGTCCTTTTTT,0.23435533,0.149111
43,AAAAAACTTGCTGGTGGCAGCCAGCACTGCAACAGAGGAGAGCAGTGATGGCTGCCACC,0.14710669,0.060535867
44,AAAAAACTTGTAAATATTAAAACATATGAAAACAGAGGAGATTCATAATGTTTAATATT,0.6699761,0.774747
45,AAAAAAGAAAGAGTCTAGTGATAAAATCGAAACAGAGGAGATCGATTATGTCACTAGAC,0.6654804,0.18219873
46,AAAAAAGAAAGGGGGAGATGTCATCAATTAAACAGAGGAGATAATTGATGACATCTCCC,0.5602981,0.26356885
47,AAAAAAGAAGAATCAAAACACAAGTGCTGGAACAGAGGAGACCAGCAATGGTGTTTTGA,0.076009125,0.04398124
48,AAAAAAGAATAAAAAAAGATTTTTTTCCGAAACAGAGGAGATCGGAAATGAATCTTTTT,0.22761372,0.13232794
49,AAAAAAGAATATAATTTCAATCTTGTATAAAACAGAGGAGATTATACATGATTGAAATT,0.89945453,0.7452521
50,AAAAAAGACATTATTGTCTAGTTCATCTACAACAGAGGAGAGTAGATATGCTAGACAAT,0.74506235,0.3063327
51,AAAAAAGACGATCAAGAATCCACAATATCAAACAGAGGAGATGATATATGGGATTCTTG,0.6193217,0.11024307
52,AAAAAAGAGGACTGGGAACTCTCCCACATCAACAGAGGAGAGATGTGATGGAGTTCCCA,0.29846993,0.10172863
53,AAAAAAGATTTACTGGAATGCTTTTCTTTGAACAGAGGAGACAAAGAATGGCATTCCAG,0.4119865,0.092077255
54,AAAAAAGCAGACATCCACGCCGTCAATTTCAACAGAGGAGAGAAATTATGGGCGTGGAT,0.5996594,0.12623644
55,AAAAAAGCTCGGCTTACGTGTTGTACGCAAAACAGAGGAGATTGCGTATGACACGTAAG,0.47181183,0.10603613
56,AAAAAAGGAAACATGCGCCTTCCCTGTTTGAACAGAGGAGACAAACAATGAAGGCGCAT,0.6246009,0.26494095
57,AAAAAAGGATGAAGCGATTGAAATAGGACTAACAGAGGAGAAGTCCTATGTCAATCGCT,0.32505462,0.10895921
58,AAAAAAGGATTATCTCCTGGGAGATAGTGAAACAGAGGAGATCACTAATGCCCAGGAGA,0.3064472,0.09055049
59,AAAAAAGGATTTCTCACCATAGCCAGCATCAACAGAGGAGAGATGCTATGTATGGTGAG,0.36482313,0.13370752
60,AAAAAAGTGCACGCATTTACTTCTTACAAGAACAGAGGAGACTTGTAATGAGTAAATGC,0.49624103,0.17180662
61,AAAAAATAAAAAGAACCCGGTATGACACTTAACAGAGGAGAAAGTGTATGACCGGGTTC,0.69756395,0.13012221
62,AAAAAATAAAACTAGAGATTGAAACGTGTTAACAGAGGAGAAACACGATGCAATCTCTA,0.5627537,0.119248345
63,AAAAAATAATCATGCGGTTATTTCAGTCGTAACAGAGGAGAACGACTATGATAACCGCA,0.6660789,0.117379636
64,AAAAAATACATATATTAGAATGAATACAACAACAGAGGAGAGTTGTAATGATTCTAATA,0.58216536,0.5273586
65,AAAAAATACATGCTCCTTTAATTTTGTTAAAACAGAGGAGATTAACAATGTTAAAGGAG,0.8775826,0.3763347
66,AAAAAATACGGCTGTGGTAATATGTTTGTTAACAGAGGAGAAACAAAATGATTACCACA,0.9264469,0.38070956
67,AAAAAATACTAAACAATACTCTTAGATGTCAACAGAGGAGAGACATCATGGAGTATTGT,0.56868273,0.12236178
68,AAAAAATAGAATGTCTAGTTATTTTGGATTAACAGAGGAGAAATCCAATGTAACTAGAC,0.10479683,0.035311818
69,AAAAAATAGCAAGGTATCTATTGAAGATGTAACAGAGGAGAACATCTATGATAGATACC,0.9018725,0.30508515
70,AAAAAATATAATATTATGAGTCGATGTAACAACAGAGGAGAGTTACAATGACTCATAAT,0.6174551,0.2043353
71,AAAAAATATATCAAGATGTAATGTATCTGAAACAGAGGAGATCAGATATGTTACATCTT,0.5708859,0.37588403
72,AAAAAATATCTATCATTTTGGCCAAAAACCAACAGAGGAGAGGTTTTATGCCAAAATGA,0.10693318,0.035871528
73,AAAAAATCTATCTTTCCGGCCAATATCAATAACAGAGGAGAATTGATATGGGCCGGAAA,0.5426696,0.2002455
74,AAAAAATCTTAACTATATAATATTCTAATAAACAGAGGAGATATTAGATGATTATATAG,0.092130795,0.039388973
75,AAAAAATGAACATAGTTACTGATTTGGAAAAACAGAGGAGATTTCCAATGCAGTAACTA,0.08147532,0.037746802
76,AAAAAATGAATTCCAACTGTTATTATAAATAACAGAGGAGAATTTATATGAACAGTTGG,0.72219574,0.28685892
77,AAAAAATGGGACCTATATATGCTAAATGTAAACAGAGGAGATACATTATGCATATATAG,0.15569587,0.04275433
78,AAAAAATGTAACGCCTCTTGTACAGAAGCTAACAGAGGAGAAGCTTCATGACAAGAGGC,0.4566235,0.0720932
79,AAAAAATGTCTAGTGTATCTAGATGAAAATAACAGAGGAGAATTTTCATGTAGATACAC,0.093002945,0.039812524
80,AAAAAATGTCTATGTCAGTGCGGGGATGCGAACAGAGGAGACGCATCATGGCACTGACA,0.2005993,0.093574226
81,AAAAAATTAAAAATAGAAAATAAAGACGTAAACAGAGGAGATACGTCATGATTTTCTAT,0.47799873,0.255457
82,AAAAAATTAATCGTGTGTGCATTGGCCATGAACAGAGGAGACATGGCATGTGCACACAC,0.2729378,0.09562217
83,AAAAAATTCAAAGATGTTCTGTTTATCTTTAACAGAGGAGAAAAGATATGCAGAACATC,0.8952195,0.39379117
84,AAAAAATTGGCTCATATTTTTTGAATATTAAACAGAGGAGATAATATATGAAAAATATG,0.8964612,0.8590656
85,AAAAAATTTCCTACTAATACATTAACATCCAACAGAGGAGAGGATGTATGTGTATTAGT,0.569639,0.07778891
86,AAAAAATTTTGTTAGCTTCTAATAGATTATAACAGAGGAGAATAATCATGTAGAAGCTA,0.11752719,0.036537938
87,AAAAAATTTTTATCCTTTACCATTTCTAAAAACAGAGGAGATTTAGAATGGGTAAAGGA,0.68017834,0.19595182
88,AAAAAATTTTTGTATAATATCTAGAGGTAGAACAGAGGAGACTACCTATGGATATTATA,0.41959772,0.265234
89,AAAAACAAACAAGTAATTAAGAGACCCTCGAACAGAGGAGACGAGGGATGCTTAATTAC,0.3481929,0.09049968
90,AAAAACAACACTGTGTCCCTTCCCTAAACTAACAGAGGAGAAGTTTAATGAAGGGACAC,0.62238425,0.32820627
91,AAAAACAAGTTTTTGGAGAGATCAGTGTCTAACAGAGGAGAAGACACATGTCTCTCCAA,0.26060212,0.092784114
92,AAAAACAATTTCAAAGTTGAACATAACTGGAACAGAGGAGACCAGTTATGTTCAACTTT,0.23811874,0.17357497
93,AAAAACACAGACTACATTTGTAATTAGAATAACAGAGGAGAATTCTAATGACAAATGTA,0.7751577,0.7823933
94,AAAAACACGATGATGGACTTATCATTATTTAACAGAGGAGAAAATAAATGTAAGTCCAT,0.115444094,0.033689775
95,AAAAACACTACTTAAAAACGATAGCTTTTTAACAGAGGAGAAAAAAGATGTCGTTTTTA,0.7199912,0.27671838
96,AAAAACACTAGGTTGTAGTCGGGTTTTAGAAACAGAGGAGATCTAAAATGCGACTACAA,0.539242,0.33556098
97,AAAAACAGAACAATATATTTTTTAGTAATGAACAGAGGAGACATTACATGAAAATATAT,0.81240493,0.6995136
98,AAAAACAGCAAACAGGGACCCATCAAAGGTAACAGAGGAGAACCTTTATGGGGTCCCTG,0.33222362,0.11722562
